Date,Event,Category
12/25/1000,Stephen I is crowned the first King of Hungary,Politics & Government
11/13/1002,King Aethelred orders the St. Brice's Day massacre of Danes in England,Crime & Assassination
4/23/1016,Edmund Ironside becomes King of the English amid Danish invasions,Politics & Government
11/30/1016,Cnut the Great becomes King of England,Politics & Government
7/29/1030,King Olaf II of Norway is killed at the Battle of Stiklestad,War & Military Conflict
8/15/1040,Macbeth becomes King of Scotland after killing Duncan I,Politics & Government
6/8/1042,Edward the Confessor becomes King of England,Politics & Government
7/4/1054,"Chinese and Arab astronomers record a brilliant supernova, later forming the Crab Nebula",Space & Astronomy
7/16/1054,The Great Schism divides Eastern and Western Christianity,Religion
7/16/1054,Cardinal legates excommunicate the Patriarch of Constantinople,Religion
8/15/1057,"Macbeth killed by Duncan, his rival for the Scottish throne",Politics & Government
12/28/1065,Westminster Abbey is consecrated shortly before Edward the Confessor's death,Religion
1/5/1066,"King Edward the Confessor dies, leading to a succession crisis",Politics & Government
1/6/1066,Harold Godwinson crowned King of England,Politics & Government
9/25/1066,King Harald Hardrada is defeated at the Battle of Stamford Bridge,War & Military Conflict
9/28/1066,"William the Conqueror's fleet lands at Pevensey, England",War & Military Conflict
10/14/1066,William the Conqueror defeats King Harold at the Battle of Hastings,War & Military Conflict
12/25/1066,William the Conqueror is crowned King of England at Westminster Abbey,War & Military Conflict
8/26/1071,Seljuk Turks defeat the Byzantines at the Battle of Manzikert,War & Military Conflict
1/25/1077,Holy Roman Emperor Henry IV does penance at Canossa,Politics & Government
10/28/1084,Norman forces sack the city of Rome,War & Military Conflict
5/25/1085,Christian forces capture Toledo from the Moors during the Reconquista,War & Military Conflict
1/1/1088,"The University of Bologna is founded, the oldest university in the Western world",Politics & Government
10/14/1092,Architect and vizier Nizam al-Mulk is assassinated in Persia,Crime & Assassination
10/21/1097,Crusaders begin the siege of Antioch,War & Military Conflict
6/3/1098,Crusaders capture Antioch after a long siege,War & Military Conflict
7/15/1099,Crusaders take control of Jerusalem,War & Military Conflict
8/2/1100,King William II of England dies in a hunting accident,Politics & Government
8/5/1100,Henry I is crowned King of England,Politics & Government
9/28/1106,Henry I defeats his brother Robert at the Battle of Tinchebray,War & Military Conflict
1/1/1119,The Knights Templar are founded in Jerusalem,Religion
9/23/1122,The Concordat of Worms ends the Investiture Controversy,Religion
6/22/1128,Geoffrey of Anjou marries Empress Matilda,Politics & Government
6/24/1128,Portugal wins independence from Leon at the Battle of Sao Mamede,War & Military Conflict
12/25/1130,Roger II is crowned King of Sicily,Politics & Government
2/2/1141,Empress Matilda is captured at the Battle of Lincoln,War & Military Conflict
5/18/1152,Henry Plantagenet marries Eleanor of Aquitaine,Politics & Government
12/19/1154,"Henry II becomes King of England, founding the Plantagenet dynasty",Politics & Government
9/1/1159,Pope Alexander III is elected amid a contested papal conclave,Religion
12/1/1170,King Henry II reconciles briefly with Thomas Becket,Politics & Government
12/29/1170,Archbishop Thomas Becket is murdered in Canterbury Cathedral,Crime & Assassination
1/1/1171,Saladin ends the Fatimid Caliphate and becomes ruler of Egypt,Politics & Government
8/9/1173,Construction begins on the Leaning Tower of Pisa,"Arts, Literature & Media"
5/29/1176,Lombard forces defeat Frederick Barbarossa at Legnano,War & Military Conflict
6/18/1178,Genghis Khan begins uniting the Mongol tribes,War & Military Conflict
8/6/1181,"Chinese and Japanese astronomers record a supernova, later cataloged as SN 1181",Space & Astronomy
6/11/1183,Henry the Young King dies during a revolt against his father,War & Military Conflict
10/2/1187,Saladin's forces retake Jerusalem from the Crusaders,War & Military Conflict
7/6/1189,King Henry II of England dies,Politics & Government
7/12/1191,Crusaders capture the port city of Acre,War & Military Conflict
9/9/1191,Richard the Lionheart defeats Saladin at the Battle of Arsuf,War & Military Conflict
1/1/1192,"Minamoto no Yoritomo becomes Japan's first shogun, founding the Kamakura shogunate",Politics & Government
2/6/1194,Richard the Lionheart is released after being held for ransom,War & Military Conflict
6/12/1194,Richard the Lionheart is crowned King of England for a second time,Politics & Government
5/27/1199,King John is crowned King of England,Politics & Government
4/12/1204,Crusaders sack Constantinople during the Fourth Crusade,War & Military Conflict
1/1/1206,Genghis Khan is proclaimed ruler of a unified Mongol Empire,Politics & Government
1/1/1209,Francis of Assisi founds the Franciscan religious order,Religion
6/19/1210,The Teutonic Knights begin their campaign in the Baltic,War & Military Conflict
7/16/1212,Christian forces win the Battle of Las Navas de Tolosa in Spain,War & Military Conflict
7/27/1214,Philip II of France wins the decisive Battle of Bouvines,War & Military Conflict
6/15/1215,King John seals the Magna Carta at Runnymede,Politics & Government
10/28/1216,Henry III becomes King of England at age nine,Politics & Government
6/24/1218,Crusaders begin the siege of Damietta in Egypt,War & Military Conflict
6/15/1219,"Danish forces capture Tallinn, founding what becomes Estonia's capital",War & Military Conflict
11/22/1220,Frederick II is crowned Holy Roman Emperor in Rome,Politics & Government
8/18/1227,Genghis Khan dies during a military campaign,Politics & Government
8/27/1232,The Mongols complete their conquest of the Jin dynasty's capital region,War & Military Conflict
1/1/1241,Hamburg and Lubeck form an alliance that grows into the Hanseatic League,Business & Economy
4/9/1241,Mongol forces defeat Polish and German knights at the Battle of Legnica,War & Military Conflict
12/13/1250,Holy Roman Emperor Frederick II dies in Italy,Politics & Government
2/13/1258,"Mongol forces sack Baghdad, ending the Abbasid Caliphate",War & Military Conflict
9/8/1260,Mamluks defeat the Mongols at the Battle of Ain Jalut,War & Military Conflict
7/25/1261,Byzantine forces recapture Constantinople from the Latin Empire,War & Military Conflict
6/18/1264,"Simon de Montfort's parliament meets, an early step toward representative government",Politics & Government
8/4/1265,Simon de Montfort is killed at the Battle of Evesham,War & Military Conflict
1/1/1271,Kublai Khan establishes the Yuan dynasty in China,Politics & Government
1/1/1271,Marco Polo sets out from Venice on his journey to Asia,Exploration & Discovery
8/19/1274,Edward I is crowned King of England,Politics & Government
9/8/1279,Mongol forces complete the conquest of Song China at the naval Battle of Yamen,War & Military Conflict
8/15/1281,A typhoon destroys the invading Mongol fleet off Japan,War & Military Conflict
3/30/1282,The Sicilian Vespers uprising erupts against Angevin rule,War & Military Conflict
7/18/1290,King Edward I expels all Jews from England,Politics & Government
11/28/1290,"Queen Eleanor of Castile dies, prompting the Eleanor Crosses",Politics & Government
5/18/1291,"Mamluk forces capture Acre, ending Crusader rule in the Holy Land",War & Military Conflict
5/28/1291,The last Crusader stronghold at Acre falls to the Mamluks,War & Military Conflict
8/1/1291,"Republic of Switerland founded, the oldest republic still existing",Politics & Government
1/1/1295,Marco Polo returns to Venice after 24 years traveling in Asia,Exploration & Discovery
1/1/1299,Osman I founds the Ottoman beylik in Anatolia,Politics & Government
1/14/1301,The Arpad dynasty of Hungary ends with the death of Andrew III,Politics & Government
5/20/1303,France and England sign the Treaty of Paris,Politics & Government
6/23/1305,Wallace ally William de Braose is captured by English forces,War & Military Conflict
8/23/1305,William Wallace is executed in London for treason,Crime & Assassination
3/25/1306,Robert the Bruce is crowned King of Scots at Scone,Politics & Government
10/13/1307,King Philip IV orders the mass arrest of the Knights Templar in France,Politics & Government
1/1/1309,Pope Clement V relocates the papacy to Avignon,Religion
6/19/1312,"King Edward II's favorite, Piers Gaveston, is executed by rebellious barons",Crime & Assassination
3/18/1314,The last Templar Grand Master is burned at the stake in Paris,Crime & Assassination
6/24/1314,Robert the Bruce wins Scottish independence at Bannockburn,Politics & Government
1/1/1315,The Great Famine begins devastating northern Europe,Disaster & Tragedy
11/19/1315,Swiss confederates rout Habsburg forces at Morgarten,War & Military Conflict
9/14/1321,Poet Dante Alighieri dies in Ravenna,"Arts, Literature & Media"
1/1/1324,Mansa Musa of the Mali Empire makes his famous pilgrimage to Mecca,Politics & Government
1/1/1325,The Aztecs found the city of Tenochtitlan,Politics & Government
1/22/1327,Edward II is deposed by Parliament in favor of his son,Politics & Government
1/25/1327,Edward III is crowned King of England,Politics & Government
9/21/1327,The deposed King Edward II is murdered at Berkeley Castle,Crime & Assassination
5/25/1333,The Kamakura shogunate falls in Japan,Politics & Government
1/1/1337,The Hundred Years' War begins between England and France,War & Military Conflict
1/1/1338,The Ashikaga shogunate is established in Japan,Politics & Government
6/24/1340,English ships destroy the French fleet at the Battle of Sluys,War & Military Conflict
4/8/1341,Poet Petrarch is crowned poet laureate in Rome,"Arts, Literature & Media"
8/26/1346,English longbowmen win the Battle of Crecy,War & Military Conflict
8/26/1346,Longbowmen devastate French cavalry at Crecy,War & Military Conflict
10/17/1346,Scottish King David II is captured at the Battle of Neville's Cross,War & Military Conflict
10/1/1347,The Black Death reaches Europe via Sicilian ports,Disaster & Tragedy
10/1/1347,"Genoese ships carrying the plague dock in Messina, Sicily",Disaster & Tragedy
1/25/1348,A massive earthquake strikes Friuli in northern Italy,Disaster & Tragedy
3/1/1349,"The Black Death reaches England, killing a third of the population",Disaster & Tragedy
8/22/1350,King Philip VI of France dies during the height of the Black Death,Politics & Government
2/2/1355,A tavern brawl in Oxford sparks the St. Scholastica Day riot,Crime & Assassination
9/19/1356,The Black Prince wins the Battle of Poitiers,War & Military Conflict
9/29/1364,English forces rout the French at the Battle of Auray,War & Military Conflict
1/6/1367,The future Richard II is born in Bordeaux,Politics & Government
1/1/1368,Zhu Yuanzhang founds the Ming dynasty in China,Politics & Government
6/8/1376,Edward the Black Prince dies before taking the throne,Politics & Government
1/17/1377,Pope Gregory XI returns the papacy from Avignon to Rome,Religion
7/16/1377,Richard II is crowned King of England,Politics & Government
1/1/1378,The Western Schism begins as rival popes claim the papacy,Religion
9/8/1380,Russian forces defeat the Golden Horde at the Battle of Kulikovo,War & Military Conflict
6/12/1381,Rebels led by Wat Tyler storm the Tower of London,War & Military Conflict
6/15/1381,Peasants storm London during the Peasants' Revolt,War & Military Conflict
6/15/1381,Wat Tyler is killed while negotiating with King Richard II,Crime & Assassination
1/1/1386,The Union of Krewo joins Poland and Lithuania,Politics & Government
6/15/1389,Ottoman forces defeat Serbian forces at the Battle of Kosovo,War & Military Conflict
1/1/1392,Yi Seong-gye founds the Joseon dynasty in Korea,Politics & Government
4/17/1397,"The Union of Kalmar unites Denmark, Norway, and Sweden",Politics & Government
1/1/1398,Timur (Tamerlane) sacks Delhi,War & Military Conflict
10/13/1399,Henry IV is crowned King of England after deposing Richard II,Politics & Government
10/25/1400,Poet Geoffrey Chaucer dies,"Arts, Literature & Media"
7/20/1402,Timur defeats the Ottomans at the Battle of Ankara,War & Military Conflict
1/1/1405,Ming admiral Zheng He begins the first of his treasure voyages,Exploration & Discovery
12/2/1409,The University of Leipzig is founded,Politics & Government
7/15/1410,Polish-Lithuanian forces defeat the Teutonic Knights at the Battle of Grunwald,War & Military Conflict
1/6/1412,French heroine Joan of Arc born,War & Military Conflict
4/9/1413,Henry V becomes King of England,Politics & Government
7/6/1415,Reformer Jan Hus is burned at the stake for heresy,Crime & Assassination
8/21/1415,"Portuguese forces capture Ceuta, launching the Age of Exploration",War & Military Conflict
10/25/1415,English forces win the Battle of Agincourt,War & Military Conflict
11/11/1417,"The Council of Constance elects Pope Martin V, ending the Great Schism",Religion
1/19/1419,French forces surrender Rouen to Henry V of England,War & Military Conflict
7/14/1420,Hussite rebels defeat crusaders at the Battle of Vitkov Hill,War & Military Conflict
1/1/1421,The Ming dynasty moves its capital to Beijing,Politics & Government
9/1/1422,The infant Henry VI becomes King of England,Politics & Government
1/1/1428,The Aztec Triple Alliance is formed,Politics & Government
6/18/1429,Joan of Arc leads French forces to victory at Patay,War & Military Conflict
5/23/1430,Joan of Arc is captured by Burgundian forces,War & Military Conflict
5/30/1431,Joan of Arc is burned at the stake in Rouen,War & Military Conflict
1/1/1434,Cosimo de' Medici becomes the de facto ruler of Florence,Politics & Government
11/10/1444,Ottoman forces defeat a Christian crusade at the Battle of Varna,War & Military Conflict
10/31/1451,Explorer Christopher Columbus is born in Genoa,Exploration & Discovery
4/15/1452,Leonardo da Vinci is born,"Arts, Literature & Media"
5/29/1453,"Constantinople falls to the Ottoman Turks, ending the Byzantine Empire",War & Military Conflict
7/17/1453,Hundred Years' War ends with French victory at Castillon,War & Military Conflict
2/23/1455,Johannes Gutenberg begins printing his 42-line Bible,Religion
5/22/1455,The Wars of the Roses begin with the First Battle of St Albans,War & Military Conflict
8/24/1456,"The Gutenberg Bible is completed, the first major book printed with movable type",Religion
6/28/1461,Edward IV is crowned King of England after the Battle of Towton,Politics & Government
1/1/1462,"Ivan III becomes Grand Prince of Moscow, beginning Russia's rise",Politics & Government
10/19/1469,"Ferdinand of Aragon marries Isabella of Castile, uniting Spain",Politics & Government
3/6/1475,Sculptor and painter Michelangelo is born near Arezzo,"Arts, Literature & Media"
1/1/1478,The Spanish Inquisition is established by Ferdinand and Isabella,Religion
1/1/1480,Ivan III ends Mongol rule over Russia at the Great Stand on the Ugra River,War & Military Conflict
7/6/1483,King Richard III of England is crowned,Politics & Government
8/30/1483,King Louis XI of France dies,Politics & Government
11/10/1483,Reformer Martin Luther is born,Religion
8/22/1485,"Richard III is killed at the Battle of Bosworth Field, ending the Wars of the Roses",War & Military Conflict
6/16/1487,Portuguese explorer Bartolomeu Dias departs to round the southern tip of Africa,Exploration & Discovery
2/3/1488,Bartolomeu Dias rounds the Cape of Good Hope,Exploration & Discovery
3/14/1489,Catherine Cornaro cedes the Kingdom of Cyprus to Venice,Politics & Government
1/2/1492,"Spanish forces capture Granada, ending Muslim rule in Spain",War & Military Conflict
4/17/1492,Spain's monarchs sign the agreement funding Columbus's voyage,Exploration & Discovery
8/3/1492,Christopher Columbus sets sail from Spain,Exploration & Discovery
8/11/1492,Rodrigo Borgia is elected Pope Alexander VI,Religion
10/12/1492,Christopher Columbus lands in the Bahamas,Exploration & Discovery
10/12/1492,Land is sighted after weeks at sea on Columbus's first voyage,Exploration & Discovery
3/15/1493,Columbus returns to Spain from his first voyage,Exploration & Discovery
6/7/1494,Treaty of Tordesillas divides New World lands between Spain and Portugal,Politics & Government
3/9/1497,John Cabot sets sail to explore North America,Exploration & Discovery
6/24/1497,John Cabot sights land in North America,Exploration & Discovery
5/20/1498,Vasco da Gama reaches India by sea,Exploration & Discovery
5/31/1498,Columbus departs on his third voyage to the New World,Exploration & Discovery
1/1/1499,Guru Nanak begins preaching the teachings that found Sikhism,Religion
3/9/1500,Vasco da Gama's fleet departs Lisbon for India,Exploration & Discovery
4/22/1500,Pedro Alvares Cabral becomes the first European to reach Brazil,Exploration & Discovery
1/1/1501,Ismail I founds the Safavid dynasty in Persia,Politics & Government
2/12/1502,Vasco da Gama sets sail on his second voyage to India,Exploration & Discovery
11/1/1503,Giuliano della Rovere is elected Pope Julius II,Religion
5/20/1506,"Christopher Columbus dies in Valladolid, Spain",Exploration & Discovery
6/24/1509,Henry VIII is crowned King of England alongside Catherine of Aragon,Politics & Government
1/1/1512,Michelangelo completes the Sistine Chapel ceiling,"Arts, Literature & Media"
2/22/1512,Explorer Amerigo Vespucci dies in Seville,Exploration & Discovery
3/11/1513,Giovanni de' Medici is elected Pope Leo X,Religion
4/8/1513,Ponce de Leon claims Florida for Spain,Exploration & Discovery
9/24/1513,Balboa's expedition first sights the Pacific Ocean from a Panamanian peak,Exploration & Discovery
9/25/1513,Vasco Nunez de Balboa becomes the first European to sight the Pacific from the Americas,Exploration & Discovery
1/1/1517,"Ottoman forces conquer Egypt, ending the Mamluk Sultanate",War & Military Conflict
10/31/1517,"Martin Luther posts his 95 Theses, triggering the Protestant Reformation",Religion
5/2/1519,"Leonardo da Vinci dies in Amboise, France","Arts, Literature & Media"
6/24/1519,Charles I of Spain is elected Holy Roman Emperor,Politics & Government
9/20/1519,Ferdinand Magellan's fleet departs Spain to circumnavigate the globe,Exploration & Discovery
11/8/1519,Hernan Cortes meets Aztec emperor Montezuma II,Politics & Government
4/6/1520,Raphael dies in Rome on his birthday,"Arts, Literature & Media"
10/21/1520,Ferdinand Magellan's fleet enters the strait later named for him,Exploration & Discovery
11/28/1520,Magellan's fleet enters the Pacific Ocean through the strait bearing his name,Exploration & Discovery
1/3/1521,Pope Leo X excommunicates Martin Luther,Religion
4/17/1521,Martin Luther defends his teachings before the Diet of Worms,Religion
4/27/1521,Explorer Ferdinand Magellan is killed in the Philippines,Exploration & Discovery
8/13/1521,Spanish conqerors take Tenochtitlan (now Mexico City) from the Aztecs,War & Military Conflict
9/6/1522,Ferdinand Magellan's expedition completes first circumnavigation of the globe,Exploration & Discovery
4/21/1526,"Babur defeats the Delhi Sultanate at the Battle of Panipat, founding the Mughal Empire",War & Military Conflict
9/27/1529,Ottoman forces besiege Vienna,War & Military Conflict
11/16/1532,Inca Empire falls to Spaniard Pizarro,War & Military Conflict
1/25/1533,Henry VIII secretly marries Anne Boleyn,Politics & Government
6/1/1533,Anne Boleyn is crowned Queen of England,Politics & Government
9/7/1533,England's Elizabeth I is born,Politics & Government
10/13/1534,"Alessandro Farnese is elected Pope Paul III, who later convenes the Council of Trent",Religion
11/1/1534,Henry VIII's Act of Supremacy establishes the Church of England,Religion
7/6/1535,Sir Thomas More is executed for refusing to accept Henry VIII as church head,Crime & Assassination
5/6/1536,Henry VIII orders the dissolution of the smaller English monasteries,Religion
5/19/1536,Anne Boleyn is executed on charges of treason,Crime & Assassination
10/12/1537,"King Henry VIII's son, the future Edward VI, is born",Politics & Government
1/6/1540,Henry VIII marries Anne of Cleves,Politics & Government
7/28/1540,Thomas Cromwell is executed on Henry VIII's orders,Crime & Assassination
5/8/1541,Hernando de Soto's expedition reaches the Mississippi River,Exploration & Discovery
6/24/1541,Explorer Francisco de Orellana begins his voyage down the Amazon River,Exploration & Discovery
1/1/1543,Nicolaus Copernicus publishes his heliocentric theory in De revolutionibus,Science & Technology
7/12/1543,"Henry VIII marries his sixth wife, Catherine Parr",Politics & Government
3/11/1544,Poet Torquato Tasso is born,"Arts, Literature & Media"
12/13/1545,"The Council of Trent convenes, launching the Catholic Counter-Reformation",Religion
2/18/1546,Reformer Martin Luther dies in Eisleben,Religion
1/16/1547,Ivan IV is crowned the first Tsar of Russia,Politics & Government
1/28/1547,Henry VIII of England dies,Politics & Government
7/6/1553,King Edward VI of England dies,Politics & Government
7/10/1553,Lady Jane Grey is proclaimed Queen of England for nine days,Politics & Government
7/19/1553,"Mary Tudor is proclaimed Queen, deposing Lady Jane Grey",Politics & Government
2/12/1554,Lady Jane Grey is executed at the Tower of London,Crime & Assassination
9/25/1555,The Peace of Augsburg allows German princes to choose their state religion,Religion
10/25/1555,Charles V abdicates as Holy Roman Emperor,Politics & Government
1/1/1557,Portuguese traders establish a settlement at Macau,Exploration & Discovery
11/17/1558,Elizabeth I becomes Queen of England,Politics & Government
3/1/1562,The Massacre of Vassy begins the French Wars of Religion,War & Military Conflict
2/15/1564,Astronomer Galileo Galilei is born in Pisa,Science & Technology
2/18/1564,Sculptor and painter Michelangelo dies in Rome,"Arts, Literature & Media"
4/23/1564,WIlliam Shakespeare was born,"Arts, Literature & Media"
9/8/1565,"St. Augustine, FL founded, first permanent European settlement in North America",Politics & Government
1/1/1568,The Dutch revolt against Spanish rule begins the Eighty Years' War,War & Military Conflict
2/25/1570,Pope Pius V excommunicates Queen Elizabeth I,Religion
9/8/1571,Ottoman forces are decisively defeated at the Battle of Lepanto,War & Military Conflict
10/7/1571,Christian forces defeat the Ottoman fleet at the Battle of Lepanto,War & Military Conflict
8/18/1572,Huguenot leader Coligny survives an assassination attempt in Paris,Crime & Assassination
8/24/1572,The St. Bartholomew's Day massacre begins in Paris,Crime & Assassination
5/31/1578,Composer Orlando di Lasso is celebrated across European courts,"Arts, Literature & Media"
9/26/1580,"Francis Drake completes his circumnavigation, returning to Plymouth",Exploration & Discovery
4/4/1581,Frances Drake completes circumnavigation of the world,Exploration & Discovery
2/24/1582,Pope Gregory XIII introduces the Gregorian calendar,Religion
7/10/1584,William the Silent is assassinated in Delft,Crime & Assassination
7/10/1584,A Catholic assassin shoots William of Orange,Crime & Assassination
2/8/1587,Mary Queen of Scots beheaded,Crime & Assassination
7/29/1588,English ships begin the decisive battle against the Spanish Armada,War & Military Conflict
8/8/1588,The Spanish Armada is defeated by the English fleet,War & Military Conflict
8/2/1589,King Henry III of France is assassinated,Crime & Assassination
8/18/1590,Explorer John White returns to find the Roanoke colony abandoned,Exploration & Discovery
4/13/1598,The Edict of Nantes grants religious toleration to French Protestants,Religion
12/31/1600,Queen Elizabeth I charters the British East India Company,Politics & Government
12/31/1600,Queen Elizabeth I charters the English East India Company,Business & Economy
3/20/1602,The Dutch East India Company is founded,Business & Economy
3/24/1603,"King James VI of Scotland becomes James I of England, uniting the crowns",Politics & Government
3/24/1603,"James VI of Scotland becomes James I of England, uniting the crowns",Politics & Government
1/16/1605,Miguel de Cervantes publishes the first part of Don Quixote,"Arts, Literature & Media"
11/5/1605,Guy Fawkes is arrested in the Gunpowder Plot,Crime & Assassination
11/5/1605,The Gunpowder Plot to blow up Parliament is foiled in London,Crime & Assassination
5/13/1607,Colonists land at Jamestown to establish the first permanent settlement,Politics & Government
5/14/1607,"English colonists found Jamestown, Virginia",Politics & Government
4/9/1609,Spain and the Dutch Republic sign a twelve-year truce,Politics & Government
5/14/1610,King Henry IV of France is assassinated,Crime & Assassination
5/14/1610,King Henry IV of France is assassinated in Paris,Crime & Assassination
1/1/1611,The King James Bible is first published,Religion
6/23/1611,Henry Hudson is set adrift by mutineers in the bay that bears his name,War & Military Conflict
11/6/1612,"Prince Henry, heir to the English throne, dies of typhoid",Politics & Government
4/14/1614,Pochahontas marries John Rolfe,Politics & Government
4/23/1616,Playwright William Shakespeare dies,"Arts, Literature & Media"
4/23/1616,William Shakespeare dies in Stratford-upon-Avon,"Arts, Literature & Media"
5/23/1618,The Defenestration of Prague sparks the Thirty Years' War,War & Military Conflict
8/1/1619,"The first enslaved Africans are brought to English North America at Point Comfort, Virginia",Civil Rights & Social Movement
9/6/1620,The Mayflower departs England carrying the Pilgrims,Exploration & Discovery
9/16/1620,"The Mayflower departs Plymouth, England for the New World",Exploration & Discovery
11/11/1620,The Mayflower Compact is signed aboard ship,Exploration & Discovery
11/21/1620,The Mayflower Compact was signed,Exploration & Discovery
12/11/1620,103 pilgrims land at Plymouth Rock,Exploration & Discovery
12/21/1620,Pilgrims land at Plymouth Rock,Exploration & Discovery
12/26/1620,Pilgrims choose the site of Plymouth Colony,Exploration & Discovery
3/22/1622,Powhatan warriors attack Jamestown settlers,War & Military Conflict
3/27/1625,King James I of England dies,Politics & Government
5/24/1626,Peter Minuit purchases Manhattan Island from the Lenape,Politics & Government
6/21/1633,Galileo is forced by the Inquisition to recant heliocentrism,Religion
1/1/1636,"Harvard College is founded, the first institution of higher learning in America",Politics & Government
1/4/1642,Sir Isaac Newton is born,Science & Technology
1/8/1642,Astronomer Galileo Galilei dies,Science & Technology
8/22/1642,The English Civil War begins,War & Military Conflict
11/24/1642,Explorer Abel Tasman sights the island later named Tasmania,Exploration & Discovery
12/25/1642,Physicist Isaac Newton is born,Science & Technology
7/10/1645,Parliamentary forces win a decisive victory at Naseby,Politics & Government
10/24/1648,The Peace of Westphalia ends the Thirty Years' War,War & Military Conflict
1/30/1649,King Charles I of England is executed,Crime & Assassination
9/3/1650,Cromwell defeats Scottish royalists at the Battle of Dunbar,War & Military Conflict
9/3/1651,Oliver Cromwell defeats Charles II at the Battle of Worcester,War & Military Conflict
12/16/1653,Oliver Cromwell becomes Lord Protector of England,Politics & Government
5/8/1660,The English Parliament proclaims the restoration of the monarchy,Politics & Government
5/29/1660,The English monarchy is restored under Charles II,Politics & Government
5/29/1660,The English monarchy is restored under King Charles II,Politics & Government
1/30/1661,The body of Oliver Cromwell is exhumed and symbolically executed,Crime & Assassination
9/8/1664,"The Dutch surrender New Amsterdam to the English, who rename it New York",War & Military Conflict
1/1/1665,The Great Plague of London kills tens of thousands,Disaster & Tragedy
9/2/1666,The Great Fire of London begins,Disaster & Tragedy
9/2/1666,The Great Fire of London destroys much of the medieval city,Disaster & Tragedy
1/1/1667,John Milton publishes Paradise Lost,"Arts, Literature & Media"
5/2/1670,The Hudson's Bay Company is chartered,Politics & Government
3/4/1678,Composer Antonio Vivaldi is born,"Arts, Literature & Media"
3/4/1681,William Penn granted charter for Pennsylvania,Politics & Government
4/9/1682,"Robert Cavelier de La Salle claims the Mississippi basin for France, naming it Louisiana",Exploration & Discovery
9/15/1682,Halley's Comet is observed on the pass that leads Edmond Halley to predict its return,Space & Astronomy
2/6/1685,King Charles II of England dies,Politics & Government
3/21/1685,Composer Johann Sebastian Bach is born,"Arts, Literature & Media"
7/6/1685,James II's forces crush the Monmouth Rebellion at Sedgemoor,War & Military Conflict
10/18/1685,"Louis XIV revokes the Edict of Nantes, expelling Huguenots",Religion
7/5/1687,Isaac Newton publishes his Principia Mathematica,Science & Technology
11/5/1688,"William of Orange lands in England, starting the Glorious Revolution",War & Military Conflict
2/13/1689,William III and Mary II are jointly proclaimed King and Queen of England,Politics & Government
8/27/1689,"Russia and China sign the Treaty of Nerchinsk, their first formal border agreement",Politics & Government
12/16/1689,The English Bill of Rights is enacted,Politics & Government
7/1/1690,William III defeats James II at the Battle of the Boyne,War & Military Conflict
7/12/1690,The Battle of the Boyne is fought in Ireland,War & Military Conflict
2/29/1692,The Salem witch trials begin in Massachusetts,Crime & Assassination
6/2/1692,The first Salem witch trial verdict sentences Bridget Bishop,Crime & Assassination
9/22/1692,The last executions take place during the Salem witch trials,Crime & Assassination
9/11/1697,Prince Eugene of Savoy defeats the Ottomans at the Battle of Zenta,War & Military Conflict
1/26/1699,The Treaty of Karlowitz forces the Ottomans to cede large territories to the Habsburgs,Politics & Government
1/26/1700,"A massive earthquake strikes the Pacific Northwest, later confirmed by Japanese tsunami records",Disaster & Tragedy
3/8/1702,Anne becomes Queen of Great Britain,Politics & Government
1/17/1706,Benjamin Franklin is born,Politics & Government
1/1/1707,The Acts of Union join England and Scotland into the Kingdom of Great Britain,Politics & Government
5/1/1707,The Acts of Union join England and Scotland into Great Britain,Politics & Government
7/8/1709,"Russia defeats Sweden at the Battle of Poltava, ending Swedish dominance in the Baltic",War & Military Conflict
6/28/1712,Philosopher Jean-Jacques Rousseau is born,"Arts, Literature & Media"
4/11/1713,The Treaty of Utrecht ends the War of Spanish Succession,War & Military Conflict
4/11/1713,The Treaty of Utrecht ends the War of the Spanish Succession,Politics & Government
8/1/1714,George I becomes the first Hanoverian King of Great Britain,Politics & Government
8/1/1714,"George I becomes King of Great Britain, beginning the Hanoverian dynasty",Politics & Government
1/1/1721,The Great Northern War ends with the Treaty of Nystad,Politics & Government
1/1/1722,Afghan invaders topple the Safavid dynasty in Persia,War & Military Conflict
1/1/1723,The Yongzheng Emperor begins his reign in Qing China,Politics & Government
11/8/1731,Benjamin Franklin opens the first public library in Philadelphia,"Arts, Literature & Media"
2/22/1732,President George Washington is born,Politics & Government
1/1/1736,Nader Shah becomes Shah of Persia,Politics & Government
5/24/1738,"John Wesley experiences his evangelical conversion, founding Methodism",Religion
3/13/1739,Nader Shah's forces sack Delhi,War & Military Conflict
1/1/1740,"Frederick the Great becomes King of Prussia, soon sparking the War of the Austrian Succession",Politics & Government
4/13/1743,President Thomas Jefferson is born,Politics & Government
6/15/1752,Benjamin Franklin conducts his kite experiment on electricity,Science & Technology
5/28/1754,The French and Indian War begins in North America,War & Military Conflict
11/1/1755,The Great Lisbon Earthquake devastates Portugal,Disaster & Tragedy
11/1/1755,A massive quake and tsunami devastate Lisbon on All Saints' Day,Disaster & Tragedy
11/1/1755,"A massive earthquake and tsunami devastate Lisbon, Portugal",Disaster & Tragedy
1/27/1756,Composer Wolfgang Amadeus Mozart is born,"Arts, Literature & Media"
6/23/1757,The British East India Company gains control of Bengal at the Battle of Plassey,War & Military Conflict
9/13/1759,British forces defeat the French at the Battle of Quebec,War & Military Conflict
10/25/1760,George III becomes King of Great Britain,Politics & Government
2/10/1763,The Treaty of Paris ends the Seven Years' War,War & Military Conflict
7/11/1767,President John Quincy Adams is born,Politics & Government
8/26/1768,Captain James Cook departs England on his first Pacific voyage,Exploration & Discovery
4/19/1770,James Cook's expedition sights the eastern coast of Australia,Exploration & Discovery
12/17/1770,Ludwig Von Beethoven is born,"Arts, Literature & Media"
5/10/1773,"Parliament passes the Tea Act, angering American colonists",Politics & Government
12/16/1773,The Boston Tea Party,Politics & Government
9/5/1774,The First Continental Congress convenes in Philadelphia,Politics & Government
3/23/1775,"Patrick Henry declares ""Give me liberty, or give me death""",Politics & Government
4/19/1775,The Battles of Lexington and Concord begin the American Revolution,War & Military Conflict
5/10/1775,The Second Continental Congress convenes in Philadelphia,Politics & Government
6/17/1775,Colonial forces fight the British at Bunker Hill,War & Military Conflict
12/16/1775,Author Jane Austen is born,"Arts, Literature & Media"
1/10/1776,"Thomas Paine publishes Common Sense, rallying support for independence","Arts, Literature & Media"
7/4/1776,The Continental Congress adopts the Declaration of Independence,Politics & Government
12/25/1776,General George Washington and his troops cross the Delaware River,War & Military Conflict
10/17/1777,British General Burgoyne surrenders at Saratoga,War & Military Conflict
12/19/1777,Washington's army begins its harsh winter at Valley Forge,War & Military Conflict
1/18/1778,Capt. James Cook finds Sandwich (Hawaiian) Islands,Exploration & Discovery
1/18/1778,James Cook's expedition becomes the first Europeans to reach the Hawaiian Islands,Exploration & Discovery
2/6/1778,France signs a treaty of alliance with the American colonies,Politics & Government
2/14/1779,Captain James Cook is killed in Hawaii,Exploration & Discovery
10/7/1780,Patriot militia win the Battle of Kings Mountain,War & Military Conflict
3/13/1781,William Herschel discovers the planet Uranus,Space & Astronomy
9/4/1781,Villiage of Los Angeles was founded,Politics & Government
10/19/1781,British General Cornwallis surrenders at Yorktown,War & Military Conflict
9/3/1783,The Treaty of Paris ends the American Revolutionary War,War & Military Conflict
11/25/1783,British troops evacuate New York City,War & Military Conflict
12/23/1783,George Washington resigns his military commission,War & Military Conflict
7/22/1784,Naturalist Friedrich Wilhelm Herschel catalogs new nebulae,Space & Astronomy
5/25/1787,Delegates convene the Constitutional Convention in Philadelphia,Politics & Government
9/17/1787,Delegates sign the U.S. Constitution in Philadelphia,Politics & Government
12/7/1787,Delaware is the first state to ratify the U.S. Constitution,Politics & Government
6/21/1788,The U.S. Constitution is ratified by the required ninth state,Politics & Government
9/13/1788,New York City becomes the first U.S. capital,Politics & Government
2/4/1789,The Electoral College unanimously elects George Washington president,Politics & Government
3/4/1789,The new U.S. Congress convenes for the first time,Politics & Government
4/28/1789,Fletcher Christian leads mutiny on HMS Bounty,War & Military Conflict
4/30/1789,George Washington is inaugurated as the first U.S. President,Politics & Government
7/14/1789,"Parisians storm the Bastille, igniting the French Revolution",War & Military Conflict
9/22/1789,The U.S. Postal Service is established,Politics & Government
9/24/1789,"Congress passes the Judiciary Act, establishing the federal court system",Politics & Government
9/25/1789,Congress sends the Bill of Rights to the states for ratification,Politics & Government
10/3/1789,Congress proposes a national day of thanksgiving,Politics & Government
2/1/1790,The U.S. Supreme Court convenes for the first time,Politics & Government
3/1/1790,First U.S. census authorized,Politics & Government
8/1/1790,The first U.S. census is completed,Politics & Government
2/25/1791,Congress charters the First Bank of the United States,Business & Economy
12/5/1791,Composer Wolfgang Amadeus Mozart dies,"Arts, Literature & Media"
12/15/1791,U.S. Bill of Rights signed,Politics & Government
2/20/1792,U.S. Postal Service is created,Politics & Government
1/1/1793,Britain sends the Macartney Mission to open trade with Qing China,Politics & Government
1/19/1793,French King Louis XVI sentenced to death,Politics & Government
1/21/1793,King Louis XVI of France is executed by guillotine,Crime & Assassination
10/16/1793,Marie Antoinette is executed by guillotine,Crime & Assassination
3/14/1794,Eli Whitney patents the cotton gin,Science & Technology
5/8/1794,Chemist Antoine Lavoisier is executed during the French Revolution,War & Military Conflict
5/8/1794,France's Reign of Terror claims the life of chemist Lavoisier,Science & Technology
7/27/1794,"Maximilien Robespierre is arrested, ending the Reign of Terror",Crime & Assassination
7/27/1794,Robespierre falls from power in the Thermidorian Reaction,Politics & Government
11/22/1794,The Whiskey Rebellion is suppressed in western Pennsylvania,Civil Rights & Social Movement
5/10/1796,Napoleon Bonaparte wins the Battle of Lodi in Italy,War & Military Conflict
5/14/1796,Edward Jenner administers the first smallpox vaccination,Science & Technology
5/14/1796,Edward Jenner administers the first successful smallpox vaccination,Science & Technology
7/1/1798,Napoleon's expedition lands in Egypt,War & Military Conflict
7/21/1798,Napoleon defeats Mamluk forces at the Battle of the Pyramids,War & Military Conflict
8/1/1798,Nelson destroys the French fleet at the Battle of the Nile,War & Military Conflict
1/21/1799,Edward Jenners smallpox vaccine introduced,Science & Technology
11/9/1799,Napoleon Bonaparte seizes power in France,War & Military Conflict
11/9/1799,Napoleon Bonaparte seizes power in France in the Coup of 18 Brumaire,Politics & Government
1/1/1800,Alessandro Volta invents the first electric battery,Science & Technology
12/12/1800,"Washington, D.C. is established as the U.S. capital",Politics & Government
3/4/1801,Thomas Jefferson is inaugurated as U.S. President,Politics & Government
3/25/1802,Britain and France sign the Treaty of Amiens,Politics & Government
4/30/1803,U.S. purchased Louisiana Territory,Politics & Government
4/30/1803,The United States completes the Louisiana Purchase from France,Politics & Government
1/1/1804,"Haiti declares independence, becoming the first Black-led republic",Politics & Government
5/14/1804,Lewis and Clark's expedition departs from St. Louis,Exploration & Discovery
5/14/1804,The Lewis and Clark Expedition departs to explore the American West,Exploration & Discovery
5/18/1804,Napoleon became Emperor of France,Politics & Government
7/11/1804,Alexander Hamilton shot by V.P. Aaron Burr in a duel,Crime & Assassination
12/2/1804,Napoleon crowns himself Emperor of the French,Politics & Government
10/21/1805,Britain wins the Battle of Trafalgar; Admiral Nelson is killed,War & Military Conflict
11/7/1805,Lewis and Clark's expedition reaches the Pacific Ocean,Exploration & Discovery
12/2/1805,Napoleon wins a decisive victory at the Battle of Austerlitz,War & Military Conflict
3/25/1807,Britain's Slave Trade Act abolishes the transatlantic slave trade within the British Empire,Civil Rights & Social Movement
2/12/1809,Naturalist Charles Darwin is born,Science & Technology
2/12/1809,President Abraham Lincoln is born,Politics & Government
9/16/1810,"Father Miguel Hidalgo issues the Grito de Dolores, beginning Mexico's War of Independence",War & Military Conflict
7/5/1811,Venezuela declares independence from Spain,Politics & Government
2/7/1812,Author Charles Dickens is born,"Arts, Literature & Media"
6/18/1812,"The United States declares war on Britain, starting the War of 1812",War & Military Conflict
6/24/1812,Napoleon's Grand Armee invades Russia,War & Military Conflict
1/28/1813,Jane Austen publishes Pride and Prejudice,"Arts, Literature & Media"
5/22/1813,Composer Richard Wagner is born,"Arts, Literature & Media"
10/16/1813,Coalition forces defeat Napoleon at the Battle of Leipzig,War & Military Conflict
8/24/1814,"British troops burn Washington, D.C.",War & Military Conflict
9/13/1814,"Francis Scott Key writes ""The Star-Spangled Banner""","Arts, Literature & Media"
9/14/1814,Francis Scott Key writes the Star Spangled Banner,"Arts, Literature & Media"
12/24/1814,War of 1812 Peace Treaty signed,War & Military Conflict
1/8/1815,Andrew Jackson wins the Battle of New Orleans,War & Military Conflict
3/20/1815,"Napoleon returns to Paris, beginning the Hundred Days",War & Military Conflict
4/10/1815,"Mount Tambora erupts in Indonesia, the largest eruption in recorded history",Disaster & Tragedy
6/18/1815,Wellington defeats Napolean at Waterloo,War & Military Conflict
9/18/1815,"The Congress of Vienna concludes, redrawing the map of Europe after Napoleon",Politics & Government
4/21/1816,Author Charlotte Bronte is born,"Arts, Literature & Media"
7/9/1816,Argentina declares independence from Spain,Politics & Government
2/12/1818,Chile formally declares independence from Spain,Politics & Government
8/16/1819,British cavalry charge protesters at the Peterloo Massacre in Manchester,War & Military Conflict
2/24/1821,Mexico gains independence from Spain,Politics & Government
9/27/1821,Mexico achieves independence from Spain,Politics & Government
9/28/1821,Mexico achieves independence after an eleven-year struggle,Politics & Government
7/2/1822,Simon Bolivar and Jose de San Martin meet in Guayaquil,Politics & Government
9/7/1822,Brazil declares independence from Portugal,Politics & Government
12/2/1823,The Monroe Doctrine declares European powers must stay out of the Western Hemisphere,Politics & Government
12/2/1823,President Monroe articulates the Monroe Doctrine opposing European colonization of the Americas,Politics & Government
5/7/1824,Beethoven's Ninth Symphony premieres in Vienna,"Arts, Literature & Media"
12/9/1824,"Republican forces win the Battle of Ayacucho, ending Spanish rule in South America",War & Military Conflict
8/6/1825,"Bolivia declares independence, named for Simon Bolivar",Politics & Government
9/27/1825,The Stockton and Darlington Railway opens as the first public steam railway,Science & Technology
12/1/1825,Russian officers stage the failed Decembrist revolt,War & Military Conflict
7/6/1826,The last Aztec-descended Mexican leader era references fade as Mexico stabilizes,Politics & Government
3/26/1827,Composer Ludwig van Beethoven dies,"Arts, Literature & Media"
5/26/1828,Feral child Kaspar Hauser appears in Nuremberg,Other Notable Event
3/16/1830,Slowest day ever for NY Stock Exchange,Business & Economy
5/24/1830,Andrew Jackson signs the Indian Removal Act,Politics & Government
7/30/1830,"Henry Ford born in Dearborn, MI",Business & Economy
6/7/1832,"Britain passes the Reform Act, expanding voting rights",Civil Rights & Social Movement
8/1/1834,Slavery is abolished throughout the British Empire,Civil Rights & Social Movement
7/8/1835,The Libery Bell cracks,Other Notable Event
11/30/1835,Author Mark Twain is born,"Arts, Literature & Media"
2/23/1836,The siege of the Alamo begins in Texas,War & Military Conflict
3/2/1836,Texas declares independence from Mexico,Politics & Government
3/6/1836,The Alamo falls to Mexican forces led by Santa Anna,War & Military Conflict
4/21/1836,Texan forces defeat Santa Anna at the Battle of San Jacinto,War & Military Conflict
1/26/1837,Michigan is admitted to the Union as the 26th state,Politics & Government
3/24/1837,Canada grants blacks the right to vote,Civil Rights & Social Movement
6/20/1837,Victoria becomes Queen of the United Kingdom,Politics & Government
1/1/1838,Britain's Chartist movement launches its campaign for political reform,Civil Rights & Social Movement
6/28/1838,Queen Victoria is crowned in Westminster Abbey,Politics & Government
1/7/1839,France announces Louis Daguerre's photographic process to the world,Science & Technology
2/6/1840,The Treaty of Waitangi is signed in New Zealand,Politics & Government
5/7/1840,Composer Pyotr Ilyich Tchaikovsky is born,"Arts, Literature & Media"
5/24/1844,Samuel Morse sends the first long-distance telegraph message,Science & Technology
5/17/1845,The rubber band was patented,Science & Technology
12/29/1845,Texas is admitted to the United States,Politics & Government
2/1/1846,"Giovanni Mastai-Ferretti is elected Pope Pius IX, the longest-reigning pope",Religion
6/28/1846,Adolphe Sax patents the saxophone,Science & Technology
9/10/1846,Elias Howe patents the sewing machine,Science & Technology
9/23/1846,Astronomers discover the planet Neptune,Space & Astronomy
2/11/1847,"Inventor Thomas Edison is born in Milan, Ohio",Science & Technology
7/24/1847,Brigham Young leads Mormon pioneers into the Salt Lake Valley,Religion
1/24/1848,Gold discovered at Sutter's Mill starts California Gold Rush,Science & Technology
1/24/1848,"Gold is discovered at Sutter's Mill, sparking the California Gold Rush",Business & Economy
2/2/1848,Treaty of Guadalupe Hidalgo end U.S-Mexican War,War & Military Conflict
2/21/1848,Marx and Engels publish The Communist Manifesto,"Arts, Literature & Media"
2/24/1848,"Revolution breaks out in Paris, toppling King Louis Philippe",War & Military Conflict
2/24/1848,A revolutionary wave sweeps across Europe,War & Military Conflict
5/29/1848,Wisconsin becomes the 30th U.S. state,Politics & Government
6/23/1848,Parisian workers rise up in the June Days uprising,War & Military Conflict
7/20/1848,The Seneca Falls Convention on women's rights concludes,Civil Rights & Social Movement
10/28/1848,The Communist Manifesto circulates widely following its publication,Politics & Government
1/23/1849,Elizabeth Blackwell becomes the first woman to earn a medical degree in the U.S.,Science & Technology
4/10/1849,The safety pin is patented,Science & Technology
1/29/1850,Henry Clay proposes the Compromise of 1850,Politics & Government
9/26/1850,California is admitted as the 31st U.S. state,Politics & Government
5/1/1851,The Great Exhibition opens at the Crystal Palace in London,Business & Economy
9/18/1851,First issue of the New York Times is published,"Arts, Literature & Media"
1/1/1852,A coup establishes Louis-Napoleon as Emperor Napoleon III of France,Politics & Government
3/20/1852,Harriet Beecher Stowe publishes Uncle Tom's Cabin,"Arts, Literature & Media"
3/30/1853,Painter Vincent van Gogh is born,"Arts, Literature & Media"
7/8/1853,"Commodore Matthew Perry sails into Tokyo Bay, opening Japan to trade",Business & Economy
2/28/1854,Republican Party formally organized,Politics & Government
3/31/1854,Commodore Perry signs the Convention of Kanagawa with Japan,Politics & Government
5/30/1854,The Kansas-Nebraska Act is signed into law,Politics & Government
6/29/1854,Gadsen Purchase--U.S. aquires parts of present day AZ & NM,Politics & Government
9/27/1854,Levi Strauss opens a dry goods business in San Francisco,Business & Economy
10/25/1854,Charge of the Light Brigade during the Crimean War,War & Military Conflict
9/8/1855,Allied forces capture Sevastopol in the Crimean War,War & Military Conflict
9/8/1855,"Allied forces capture Sevastopol, effectively ending the Crimean War",War & Military Conflict
7/10/1856,Inventor Nikola Tesla is born,Science & Technology
3/6/1857,The Supreme Court issues the Dred Scott decision,Politics & Government
5/10/1857,Indian sepoys mutiny against British rule in Meerut,War & Military Conflict
5/10/1857,"Sepoy soldiers mutiny against British rule, sparking the Indian Rebellion",War & Military Conflict
2/22/1858,Minnesota is admitted as the 32nd U.S. state,Politics & Government
3/30/1858,Hymen Lipman patents the pencil with an attached eraser,Science & Technology
6/16/1858,"Abraham Lincoln delivers his ""House Divided"" speech",Politics & Government
7/1/1858,Darwin and Wallace's theory of evolution is jointly presented in London,Science & Technology
8/21/1858,Lincoln and Douglas hold the first of their famous debates,Politics & Government
10/27/1858,President Theodore Roosevelt is born,Politics & Government
11/1/1858,The British Crown assumes direct control of India,Politics & Government
1/1/1859,Edwin Drake's oil well success touches off the modern petroleum industry,Science & Technology
5/22/1859,Author Arthur Conan Doyle is born,"Arts, Literature & Media"
8/27/1859,"Edwin Drake drills the first successful oil well in Titusville, Pennsylvania",Business & Economy
10/16/1859,John Brown raids the federal arsenal at Harpers Ferry,War & Military Conflict
11/24/1859,Charles Darwin publishes On the Origin of Species,Science & Technology
11/24/1859,The first practical typewriter patent is granted,Science & Technology
2/27/1860,Lincoln delivers his Cooper Union address in New York,Politics & Government
11/6/1860,Abraham Lincoln is elected U.S. President,Politics & Government
12/20/1860,South Carolina becomes the first state to secede from the Union,Politics & Government
1/29/1861,Kansas is admitted as a free state,Politics & Government
1/29/1861,Kansas is admitted as the 34th U.S. state,Politics & Government
2/9/1861,Jefferson Davis is elected president of the Confederate States,Politics & Government
3/17/1861,The Kingdom of Italy is proclaimed under Victor Emmanuel II,Politics & Government
3/17/1861,"The Kingdom of Italy is proclaimed, unifying most of the peninsula",Politics & Government
4/12/1861,"Confederate forces fire on Fort Sumter, starting the Civil War",War & Military Conflict
4/12/1861,"Confederate forces fire on Fort Sumter, starting the American Civil War",War & Military Conflict
5/6/1861,The Confederacy accepts Arkansas into its ranks,Politics & Government
6/8/1861,Tennessee secedes from the Union,Politics & Government
3/9/1862,Ironclads Monitor and Merrimack fight to a draw at Hampton Roads,War & Military Conflict
3/10/1862,First U.S. paper currency is issued,Business & Economy
9/17/1862,The Battle of Antietam becomes the bloodiest single day in American history,War & Military Conflict
9/22/1862,President Lincoln issues the preliminary Emancipation Proclamation,Civil Rights & Social Movement
1/1/1863,Abraham Lincoln signs the Emancipation Proclamation ending slavery,Civil Rights & Social Movement
5/1/1863,Confederate General Stonewall Jackson is mortally wounded at Chancellorsville,War & Military Conflict
7/1/1863,The Battle of Gettysburg begins,War & Military Conflict
7/1/1863,"The Battle of Gettysburg begins, a turning point in the Civil War",War & Military Conflict
7/4/1863,The Confederate garrison surrenders at Vicksburg,War & Military Conflict
11/19/1863,Lincoln delivers the Gettysburg Address,Politics & Government
9/2/1864,Union forces under Sherman capture Atlanta,War & Military Conflict
11/15/1864,Sherman begins his March to the Sea,War & Military Conflict
11/29/1864,U.S. troops massacre Cheyenne and Arapaho at Sand Creek,War & Military Conflict
1/31/1865,Congress passes 13th Amendment abolishing slavery,Civil Rights & Social Movement
3/3/1865,The Freedmen's Bureau is established,Politics & Government
4/9/1865,Gen. Lee surrenders to Gen. Grant at Appomattox,War & Military Conflict
4/9/1865,Confederate General Robert E. Lee surrenders at Appomattox Courthouse,War & Military Conflict
4/14/1865,President Lincoln is shot by John Wilkes Booth,Crime & Assassination
4/14/1865,President Abraham Lincoln is shot at Ford's Theatre,Crime & Assassination
4/26/1865,John Wilkes Booth is killed by Union soldiers,War & Military Conflict
5/29/1865,President Johnson grants amnesty to most former Confederates,Politics & Government
12/6/1865,The 13th Amendment abolishing slavery is ratified,Civil Rights & Social Movement
12/22/1865,General Sherman takes Savannah,War & Military Conflict
2/13/1866,"Jesse James hold up his first bank in Liberty, MO",Crime & Assassination
3/2/1867,Congress passes the first Reconstruction Act,Politics & Government
3/30/1867,The United States purchases Alaska from Russia,Politics & Government
7/1/1867,Canada becomes a self-governing dominion under the British North America Act,Politics & Government
11/7/1867,Physicist and chemist Marie Curie is born in Warsaw,Science & Technology
1/3/1868,"Emperor Meiji is restored to power, beginning Japan's modernization",Politics & Government
5/26/1868,The impeachment trial of President Andrew Johnson ends in acquittal,Politics & Government
7/9/1868,The 14th Amendment granting citizenship rights is ratified,Politics & Government
11/17/1868,"Suez Canal in Egypt opens, linking Mediterranean and Red Seas",Science & Technology
3/6/1869,Dmitri Mendeleev presents his periodic table of the elements,Science & Technology
5/10/1869,The First Transcontinental Railroad is completed at Promontory Summit,Science & Technology
11/6/1869,Rutgers and Princeton play the first intercollegiate football game,Sports
11/17/1869,The Suez Canal officially opens to shipping,Science & Technology
11/17/1869,"The Suez Canal opens, linking the Mediterranean and Red Seas",Business & Economy
2/3/1870,The 15th Amendment granting voting rights regardless of race is ratified,Civil Rights & Social Movement
2/26/1870,First NYC subway line opens,Science & Technology
6/9/1870,Author Charles Dickens dies,"Arts, Literature & Media"
9/2/1870,Prussian forces capture Napoleon III at the Battle of Sedan,War & Military Conflict
1/17/1871,German states unify under Kaiser Wilhelm I,Politics & Government
1/18/1871,The German Empire is proclaimed at the Palace of Versailles,Politics & Government
1/18/1871,"Germany is unified as an empire, with King Wilhelm I proclaimed Kaiser at Versailles",Politics & Government
3/8/1871,The Paris Commune is proclaimed,Politics & Government
3/18/1871,Parisians proclaim the revolutionary Paris Commune,War & Military Conflict
5/10/1871,"France and Germany sign the Treaty of Frankfurt, ending the Franco-Prussian War",War & Military Conflict
10/8/1871,The Great Chicago Fire begins,Disaster & Tragedy
3/1/1872,Yellowstone becomes the world's first national park,Politics & Government
5/10/1872,Victoria Woodhull becomes the first woman to run for U.S. President,Politics & Government
1/26/1875,Dentist's electric drill patented,Science & Technology
5/17/1875,The first Kentucky Derby is run at Churchill Downs,Sports
2/14/1876,Alexander Graham Bell files his telephone patent,Science & Technology
3/7/1876,Alexander Graham Bell is granted a patent for the telephone,Science & Technology
3/10/1876,Bell makes the first successful telephone call,Science & Technology
3/10/1876,Alexander Graham Bell successfully tests the telephone,Science & Technology
5/10/1876,The Centennial Exposition opens in Philadelphia,Business & Economy
6/25/1876,The Battle of Little Bighorn is fought,War & Military Conflict
6/25/1876,Lakota and allied forces defeat Custer's cavalry at the Battle of the Little Bighorn,War & Military Conflict
8/1/1876,Colorado is admitted as the 38th U.S. state,Politics & Government
9/7/1876,"The James-Younger Gang's raid fails at Northfield, Minnesota",Crime & Assassination
7/9/1877,The first Wimbledon tennis championship begins in London,Sports
8/12/1877,Thomas Edison completes the first phonograph,Science & Technology
9/5/1877,Sioux leader Crazy Horse is killed at Fort Robinson,Crime & Assassination
2/19/1878,Edison patents the gramophone,Science & Technology
7/13/1878,The Congress of Berlin redraws the map of the Balkans,Politics & Government
1/1/1879,Zulu forces defeat British troops at the Battle of Isandlwana,War & Military Conflict
2/8/1879,Rowland Hussey Macy's store expands into a New York institution,Business & Economy
3/14/1879,Physicist Albert Einstein is born,Science & Technology
10/21/1879,Thomas Edison demonstrates his incandescent electric lamp,Science & Technology
10/21/1879,Thomas Edison demonstrates a practical incandescent light bulb,Science & Technology
12/1/1880,The White House has its first telephone installed,Science & Technology
5/21/1881,Clara Barton founded the American Red Cross,Politics & Government
7/14/1881,Sheriff Pat Garrett kills Billy the Kid,Crime & Assassination
10/25/1881,Painter Pablo Picasso is born,"Arts, Literature & Media"
10/26/1881,Wyatt Earp & Doc Holliday face the Clanton gang at the OK Corral,Crime & Assassination
1/30/1882,President Franklin D. Roosevelt is born,Politics & Government
4/3/1882,Jesse James is killed,Crime & Assassination
9/5/1882,The first Labor Day parade is held in New York City,Civil Rights & Social Movement
8/27/1883,The eruption of Krakatoa produces a cataclysmic explosion heard thousands of miles away,Disaster & Tragedy
5/8/1884,President Harry S. Truman is born,Politics & Government
5/24/1884,Samuel Morse send the first telegraph message,Science & Technology
11/15/1884,European powers open the Berlin Conference to partition Africa,Politics & Government
1/29/1886,First successful gasoline driven car patented by Karl Benz in Germany,Science & Technology
5/1/1886,"Workers strike nationwide, later commemorated as May Day",Civil Rights & Social Movement
5/4/1886,A bomb kills police during the Haymarket labor rally in Chicago,Civil Rights & Social Movement
5/8/1886,Coca-Cola is first sold at a pharmacy in Atlanta,Business & Economy
10/28/1886,The Statue of Liberty is dedicated,Science & Technology
5/13/1888,Nikola Tesla is granted patents for the AC induction motor,Science & Technology
9/3/1888,George Eastman patents roll film and registers the Kodak name,"Arts, Literature & Media"
12/23/1888,Dutch Painter Vincent Van Gogh cuts off his own ear,"Arts, Literature & Media"
3/31/1889,The Eiffel Tower opens to the public in Paris,Science & Technology
4/15/1889,Comedian Charlie Chaplin is born,"Arts, Literature & Media"
4/20/1889,Adolf Hitler was born,Politics & Government
5/6/1889,The Eiffel Tower is officially inaugurated for the World's Fair,Science & Technology
5/31/1889,"The Johnstown Flood kills over 2,200 people in Pennsylvania",Disaster & Tragedy
9/23/1889,Nintendo is founded as a playing card company in Kyoto,Science & Technology
7/29/1890,Painter Vincent van Gogh dies,"Arts, Literature & Media"
9/15/1890,Mystery writer Agatha Christie was born,"Arts, Literature & Media"
10/14/1890,President Dwight D. Eisenhower is born,Politics & Government
12/29/1890,"The Battle of Wounded Knee, S.D.",War & Military Conflict
1/1/1892,Ellis Island opens as an immigration station in New York Harbor,Politics & Government
7/6/1892,Guards clash with strikers at the Homestead Steel strike,Civil Rights & Social Movement
1/1/1893,The Ferris Wheel debuts at the World's Columbian Exposition,Business & Economy
1/17/1893,Hawaii's Queen Liliuokalani is overthrown,Politics & Government
5/1/1893,The World's Columbian Exposition opens in Chicago,Business & Economy
5/11/1894,"Workers walk out at the Pullman Company, sparking a national strike",Civil Rights & Social Movement
9/28/1895,"Louis Pasteur, pioneer of microbiology, dies",Science & Technology
11/5/1895,George Selden receives the first U.S. patent for an automobile,Science & Technology
11/8/1895,Wilhelm Rontgen discovers X-rays,Science & Technology
12/28/1895,World's first movie theater opens in Paris,"Arts, Literature & Media"
3/1/1896,"Ethiopian forces defeat Italy at the Battle of Adwa, preserving Ethiopian independence",War & Military Conflict
4/6/1896,The first modern Olympic Games open in Athens,Sports
5/26/1896,Nicholas II crowned Czar of Russia,Politics & Government
6/2/1896,Guglielmo Marconi patents the wireless telegraph,Science & Technology
6/22/1897,Queen Victoria celebrates her Diamond Jubilee,Politics & Government
2/15/1898,The USS Maine explodes in Havana harbor,Disaster & Tragedy
4/25/1898,The United States declares war on Spain,War & Military Conflict
12/10/1898,The Treaty of Paris ends the Spanish-American War,War & Military Conflict
12/10/1898,"Spain cedes Puerto Rico, Guam, and the Philippines to the U.S.",Politics & Government
12/21/1898,Pierre and Marie Curie discover radium,Science & Technology
2/4/1899,The Philippine-American War begins,War & Military Conflict
3/6/1899,Aspirin is patented by Bayer,Science & Technology
4/11/1899,The Treaty of Paris formally ends the Spanish-American War,War & Military Conflict
10/11/1899,The Second Boer War begins in South Africa,War & Military Conflict
5/14/1900,The second modern Olympic Games open in Paris,Sports
6/21/1900,The Boxer Rebellion's siege of foreign legations begins in Beijing,War & Military Conflict
8/14/1900,An international force relieves the Siege of the Beijing Legations,War & Military Conflict
9/8/1900,"A hurricane devastates Galveston, Texas, killing thousands",Disaster & Tragedy
1/1/1901,The Commonwealth of Australia is formed,Politics & Government
1/22/1901,Queen Victoria dies after a 63-year reign,Politics & Government
1/22/1901,Edward VII becomes King upon the death of Queen Victoria,Politics & Government
9/2/1901,Vice President Theodore Roosevelt is sworn in after McKinley's shooting,Crime & Assassination
9/6/1901,President William McKinley is shot by an assassin,Crime & Assassination
12/10/1901,The first Nobel Prizes are awarded in Stockholm,Science & Technology
12/12/1901,Marconi receives the first transatlantic radio signal,Science & Technology
12/12/1901,Guglielmo Marconi receives the first transatlantic radio signal,Science & Technology
5/20/1902,Cuba gains formal independence from the United States,Politics & Government
5/31/1902,The Treaty of Vereeniging ends the Second Boer War,War & Military Conflict
6/2/1902,The Boer War ends with the Treaty of Vereeniging,War & Military Conflict
2/23/1903,Cuba leases Guantanamo Bay to the United States,Politics & Government
3/22/1903,Niagra Falls runs dry due to drought,Disaster & Tragedy
6/16/1903,Ford Motor Company is incorporated,Business & Economy
7/1/1903,The first Tour de France cycling race begins,Sports
11/1/1903,The Wright brothers begin regular test flights of powered aircraft,Science & Technology
11/3/1903,Panama declares independence with U.S. support,Politics & Government
11/18/1903,The U.S. and Panama sign a treaty for the Panama Canal Zone,Science & Technology
12/10/1903,Marie and Pierre Curie share the Nobel Prize in Physics,Science & Technology
12/17/1903,The Wright brothers achieve the first powered flight at Kitty Hawk,Science & Technology
2/8/1904,Japan launches a surprise attack on Russian ships at Port Arthur,War & Military Conflict
2/8/1904,"Japan attacks the Russian fleet at Port Arthur, starting the Russo-Japanese War",War & Military Conflict
1/22/1905,Russian troops fire on protesters on Bloody Sunday in St. Petersburg,War & Military Conflict
3/17/1905,Albert Einstein publishes his special theory of relativity,Science & Technology
5/27/1905,Japan destroys the Russian fleet at the Battle of Tsushima,War & Military Conflict
6/7/1905,Norway peacefully dissolves its union with Sweden,Politics & Government
4/18/1906,An earthquake and fire devastate San Francisco,Disaster & Tragedy
4/18/1906,A massive earthquake and fire devastate San Francisco,Disaster & Tragedy
4/19/1906,The Great San Francisco Earthquake,Disaster & Tragedy
11/9/1906,Theodore Roosevelt is the first U.S. president to visit other countries (Puerto Rico and Panama),Politics & Government
7/6/1907,Painter Frida Kahlo is born,"Arts, Literature & Media"
2/1/1908,Portugal's King Carlos I is assassinated in Lisbon,Crime & Assassination
4/27/1908,"The London Olympics open, the first with a dedicated purpose-built stadium",Sports
6/30/1908,A massive explosion flattens forest near the Tunguska River in Siberia,Disaster & Tragedy
6/30/1908,A massive explosion flattens forests near the Tunguska River in Siberia,Disaster & Tragedy
7/26/1908,"The Bureau of Investigation, later the FBI, is established",Politics & Government
8/27/1908,President Lyndon B. Johnson is born,Politics & Government
9/16/1908,General Motors is founded,Business & Economy
9/27/1908,The first Model T Ford rolls off the assembly line,Science & Technology
10/1/1908,"Henry Ford introduces the Model T car, selling for $825",Science & Technology
10/5/1908,The Young Turk Revolution restores Ottoman constitutional rule,Politics & Government
10/6/1908,Austria-Hungary annexes Bosnia and Herzegovina,War & Military Conflict
4/6/1909,Robert Peary claims to reach the North Pole,Exploration & Discovery
4/6/1909,Robert Peary's expedition claims to reach the North Pole,Exploration & Discovery
5/31/1910,The Union of South Africa is formed as a British dominion,Politics & Government
3/8/1911,The first International Women's Day is observed,Civil Rights & Social Movement
3/25/1911,"Triangle Shirtwaist Factory fire kills 145, only 13 girls survive",Disaster & Tragedy
5/31/1911,The RMS Titanic is launched in Belfast,Disaster & Tragedy
7/6/1911,President Ronald Reagan is born,Politics & Government
7/24/1911,Explorer Hiram Bingham rediscovers Machu Picchu,Exploration & Discovery
10/10/1911,"The Xinhai Revolution begins, leading to the fall of China's Qing dynasty",War & Military Conflict
12/14/1911,South Pole first reached by Roald Amundsen,Exploration & Discovery
1/1/1912,Sun Yat-sen becomes the first president of the Republic of China,Politics & Government
1/17/1912,"Robert Falcon Scott's expedition reaches the South Pole, a month behind Amundsen",Exploration & Discovery
4/15/1912,The RMS Titanic sinks after striking an iceberg,Disaster & Tragedy
10/8/1912,The First Balkan War begins against the Ottoman Empire,War & Military Conflict
1/9/1913,President Richard Nixon is born,Politics & Government
4/29/1913,The zipper is patented,Science & Technology
12/1/1913,Ford introduces the moving assembly line,Science & Technology
3/27/1914,First successful blood transfusion,Science & Technology
6/28/1914,Archduke Franz Ferdinand is assassinated in Sarajevo,Crime & Assassination
6/28/1914,A Bosnian Serb nationalist assassinates the Austrian archduke,Crime & Assassination
6/28/1914,"Archduke Franz Ferdinand is assassinated in Sarajevo, igniting World War I",Crime & Assassination
8/1/1914,"Germany declares war on Russia, widening World War I",War & Military Conflict
8/3/1914,Germany declares war on France,War & Military Conflict
8/4/1914,England declares war on Germany; U.S. declares neutrality,War & Military Conflict
8/4/1914,Germany invades neutral Belgium,War & Military Conflict
8/4/1914,Giacomo della Chiesa is elected Pope Benedict XV as World War I begins,Religion
8/15/1914,The Panama Canal opens to commercial traffic,Science & Technology
8/16/1914,The first ship transits the completed Panama Canal,Science & Technology
9/5/1914,The First Battle of the Marne halts the German advance,War & Military Conflict
1/25/1915,Alexander Graham Bell makes 1st transcontinental phone call,Science & Technology
4/25/1915,Allied troops land at Gallipoli,War & Military Conflict
5/6/1915,Ocean liner Lusitania sunk by German submarines,War & Military Conflict
5/7/1915,A German U-boat sinks the RMS Lusitania,War & Military Conflict
5/23/1915,"Italy declares war on Austria-Hungary, joining the Allies",War & Military Conflict
11/25/1915,Albert Einstein presents his general theory of relativity,Science & Technology
4/24/1916,Irish rebels launch the Easter Rising in Dublin,War & Military Conflict
4/24/1916,The Easter Rising begins in Dublin against British rule,War & Military Conflict
5/16/1916,Britain and France conclude the secret Sykes-Picot Agreement dividing the Middle East,Politics & Government
5/31/1916,The Battle of Jutland is fought between British and German fleets,War & Military Conflict
7/1/1916,The Battle of the Somme begins with heavy Allied casualties,War & Military Conflict
3/8/1917,The February Revolution forces the abdication of Tsar Nicholas II,War & Military Conflict
4/2/1917,President Wilson asks Congress to declare war on Germany,War & Military Conflict
4/6/1917,The United States enters World War I,War & Military Conflict
4/6/1917,Congress formally declares war on the German Empire,War & Military Conflict
5/29/1917,President John F. Kennedy is born,Politics & Government
11/2/1917,Britain issues the Balfour Declaration on a Jewish homeland,Politics & Government
11/2/1917,Britain issues the Balfour Declaration favoring a Jewish homeland in Palestine,Politics & Government
11/7/1917,The Bolsheviks seize power in the Russian Revolution,War & Military Conflict
11/20/1917,British tanks achieve a breakthrough at the Battle of Cambrai,War & Military Conflict
12/6/1917,"A ship explosion devastates Halifax, Nova Scotia",Disaster & Tragedy
1/1/1918,"A global influenza pandemic begins, eventually killing tens of millions",Disaster & Tragedy
3/3/1918,"Russia signs the Treaty of Brest-Litovsk, exiting World War I",War & Military Conflict
3/3/1918,"Soviet Russia signs the Treaty of Brest-Litovsk, exiting World War I",Politics & Government
3/21/1918,Germany launches its Spring Offensive on the Western Front,War & Military Conflict
7/17/1918,Tsar Nicholas II and his family are executed,Crime & Assassination
9/29/1918,Bulgaria becomes the first Central Power to seek an armistice,War & Military Conflict
10/1/1918,"Great Influenza Epidemic begins, killing over 18 million",Disaster & Tragedy
11/3/1918,"Sailors mutiny at Kiel, sparking the German Revolution",War & Military Conflict
11/9/1918,Kaiser Wilhelm II abdicates the German throne,Politics & Government
11/11/1918,An armistice ends fighting in World War I,War & Military Conflict
11/11/1918,Fighting ends on the Western Front at the eleventh hour,War & Military Conflict
11/11/1918,Germany signs the armistice ending World War I,War & Military Conflict
1/1/1919,Rosa Luxemburg is killed after the failed Spartacist uprising in Berlin,Crime & Assassination
1/15/1919,A wave of molasses kills 21 people in the Great Molasses Flood of Boston,Disaster & Tragedy
1/16/1919,The 18th Amendment establishing Prohibition is ratified,Politics & Government
4/13/1919,"British troops fire on unarmed protesters at Amritsar, India",War & Military Conflict
5/29/1919,Astronomers confirm Einstein's theory during a solar eclipse expedition,Space & Astronomy
6/14/1919,Alcock and Brown complete the first nonstop transatlantic flight,Exploration & Discovery
6/28/1919,"Treaty of Versailles signed, ending WWI",Politics & Government
1/5/1920,Boston Red Sox sell Babe Ruth to NY Yankees,Sports
1/10/1920,The League of Nations formally comes into being,Politics & Government
6/4/1920,The Treaty of Trianon strips Hungary of much of its territory,Politics & Government
8/10/1920,The Treaty of Sevres dismantles the Ottoman Empire,Politics & Government
8/18/1920,The 19th Amendment granting women's suffrage is ratified,Civil Rights & Social Movement
8/18/1920,Tennessee's ratification secures women's right to vote nationwide,Civil Rights & Social Movement
8/26/1920,"19th Amendment ratified, giving women the right to vote",Civil Rights & Social Movement
9/17/1920,"The American Professional Football Association, later the NFL, is founded",Sports
11/2/1920,The first commercial radio broadcast airs on KDKA in Pittsburgh,Science & Technology
7/2/1921,Jack Dempsey defeats Georges Carpentier in boxing's first million-dollar gate,Sports
7/18/1921,Black Sox trial begins in Chicago,Crime & Assassination
4/16/1922,Annie Oakley shoot a record 100 clay targets in a row,Sports
8/28/1922,The first radio commercial airs in New York,Science & Technology
10/28/1922,Benito Mussolini's Fascists march on Rome,War & Military Conflict
11/1/1922,The Ottoman Sultanate is abolished by the new Turkish national assembly,Politics & Government
2/16/1923,Tutankhamen's burial chamber is opened,Science & Technology
5/27/1923,Henry Kissenger was born,Politics & Government
7/24/1923,The Treaty of Lausanne establishes modern Turkey's borders,Politics & Government
9/1/1923,The Great Kanto earthquake devastates Tokyo and Yokohama,Disaster & Tragedy
10/29/1923,Mustafa Kemal Ataturk proclaims the Republic of Turkey,Politics & Government
11/8/1923,Adolf Hitler leads the failed Beer Hall Putsch in Munich,War & Military Conflict
1/21/1924,Vladimir Lenin dies in the Soviet Union,Politics & Government
1/24/1924,"St. Petersburg, Russia renamed Leningrad",Politics & Government
1/25/1924,"The first Winter Olympics open in Chamonix, France",Sports
3/3/1924,Turkey abolishes the Ottoman caliphate,Politics & Government
5/4/1924,"The Paris Olympics open, featuring the first Olympic Village concept",Sports
6/2/1924,U.S. Congress grants Native Americans citizenship,Politics & Government
6/12/1924,President George H.W. Bush is born,Politics & Government
5/25/1925,"The Scopes ""Monkey Trial"" begins in Tennessee",Politics & Government
3/7/1926,First transatlantic telephone call,Science & Technology
5/3/1926,A general strike begins in Britain,Civil Rights & Social Movement
8/6/1926,Warner Bros. Studios premieres first talking pictures,"Arts, Literature & Media"
11/10/1926,Hirohito becomes Emperor of Japan,Politics & Government
5/20/1927,Charles Lindbergh departs New York on his transatlantic flight,Exploration & Discovery
5/21/1927,Charles Lindbergh completes the first solo transatlantic flight,Exploration & Discovery
5/21/1927,Charles Lindbergh completes the first solo nonstop transatlantic flight,Exploration & Discovery
9/30/1927,Babe Ruth hits his 60th home run of the season,Sports
10/6/1927,"The Jazz Singer premieres, launching the era of talking pictures","Arts, Literature & Media"
9/28/1928,Alexander Fleming discovers penicillin,Science & Technology
11/18/1928,Mickey Mouse makes his animated debut in Steamboat Willie,"Arts, Literature & Media"
5/16/1929,The first Academy Awards ceremony is held in Hollywood,"Arts, Literature & Media"
10/24/1929,Panic selling begins on Black Thursday at the New York Stock Exchange,Business & Economy
10/24/1929,Panic grips Wall Street as stock prices collapse,Business & Economy
10/29/1929,The stock market crashes on Black Tuesday,Disaster & Tragedy
10/29/1929,Panic selling triggers the Wall Street Crash,Disaster & Tragedy
11/29/1929,Commander Richard E. Byrd flies over the South Pole,Exploration & Discovery
1/13/1930,First Mickey Mouse comic strip appears,"Arts, Literature & Media"
3/12/1930,Mahatma Gandhi begins the Salt March in India,Civil Rights & Social Movement
3/13/1930,Astronomers announce the discovery of the planet Pluto,Space & Astronomy
7/13/1930,The first FIFA World Cup opens in Uruguay,Sports
7/30/1930,Uruguay wins the first FIFA World Cup on home soil,Sports
3/3/1931,The Star Spangled Banner become the U.S. national athem,"Arts, Literature & Media"
5/1/1931,The Empire State Building officially opens,Science & Technology
9/18/1931,"Japan stages the Mukden Incident, invading Manchuria",War & Military Conflict
9/18/1931,"Japanese forces stage the Mukden Incident, invading Manchuria",War & Military Conflict
10/18/1931,Inventor Thomas Edison dies in New Jersey,Science & Technology
2/4/1932,"The Winter Olympics open in Lake Placid, New York",Sports
3/29/1932,Jack Benny debuts on radio,"Arts, Literature & Media"
3/30/1932,Amelia Earhart is first woman to fly solo across the Atlantic,Exploration & Discovery
5/20/1932,Amelia Earhart becomes the first woman to fly solo across the Atlantic,Exploration & Discovery
6/6/1932,"The first drive-in theater debuts in Camden, New Jersey","Arts, Literature & Media"
7/30/1932,The Los Angeles Olympics open during the Great Depression,Sports
9/20/1932,Gandhi begins a hunger strike protesting treatment of India's untouchables,Civil Rights & Social Movement
9/23/1932,Ibn Saud proclaims the Kingdom of Saudi Arabia,Politics & Government
1/30/1933,The Lone Ranger premieres on ABC radio,"Arts, Literature & Media"
1/30/1933,Adolf Hitler is appointed Chancellor of Germany,Politics & Government
2/27/1933,A fire destroys the Reichstag building in Berlin,Disaster & Tragedy
3/4/1933,Franklin D. Roosevelt is inaugurated U.S. President,Politics & Government
3/9/1933,Congress passes the Emergency Banking Act during the Great Depression,Business & Economy
5/6/1933,The Public Works of Art Project begins under the New Deal,Politics & Government
5/27/1933,The Tennessee Valley Authority begins operations,Politics & Government
6/5/1933,The U.S. abandons the gold standard for domestic transactions,Business & Economy
6/6/1933,"The first drive-in movie theater opens in Camden, New Jersey","Arts, Literature & Media"
6/16/1933,Roosevelt signs the National Industrial Recovery Act,Politics & Government
7/6/1933,First all star game is played at Chicago's Wrigley Field,Sports
10/17/1933,Albert Einstein emigrates to U.S. from Germany,Science & Technology
12/5/1933,Prohibition ends,Politics & Government
5/28/1934,The Dionne quintuplets were born,Other Notable Event
6/30/1934,Hitler purges rivals in the Night of the Long Knives,War & Military Conflict
7/4/1934,Marie Curie dies from radiation-related illness,Science & Technology
7/22/1934,Public Enemy #1 John Dillinger killed by FBI agents in Chicago,Crime & Assassination
8/2/1934,Adolf Hitler merges the presidency and chancellorship after Hindenburg's death,Politics & Government
10/16/1934,Chinese Communist forces begin the Long March,War & Military Conflict
1/8/1935,Elvis Presly is born,"Arts, Literature & Media"
3/16/1935,Hitler orders German rearmament in violation of Versailles,War & Military Conflict
5/6/1935,The Works Progress Administration is established,Politics & Government
7/23/1935,An airplane crashes into the Empire State Building,Disaster & Tragedy
8/14/1935,Social Security Law is established,Politics & Government
9/15/1935,The Nuremberg Laws strip German Jews of citizenship,War & Military Conflict
10/3/1935,Italy invades Ethiopia under Mussolini,War & Military Conflict
3/7/1936,German troops reoccupy the Rhineland,War & Military Conflict
6/30/1936,Gone With the Wind is published,"Arts, Literature & Media"
7/17/1936,The Spanish Civil War begins,War & Military Conflict
7/17/1936,The Spanish Civil War begins with a military uprising against the Republic,War & Military Conflict
7/18/1936,"Nationalist generals rise up, starting the Spanish Civil War",War & Military Conflict
8/5/1936,Jesse Owens wins his third gold medal at Berlin Olympics,Sports
11/25/1936,Germany and Japan sign the Anti-Comintern Pact,Politics & Government
12/11/1936,King Edward VIII abdicates the British throne,Politics & Government
1/20/1937,Franklin Roosevelt is inaugurated for a second term,Politics & Government
2/5/1937,Roosevelt proposes his controversial court-packing plan,Politics & Government
4/26/1937,German planes bomb the Basque town of Guernica,War & Military Conflict
5/6/1937,The airship Hindenburg bursts into flames in New Jersey,Disaster & Tragedy
5/27/1937,The Golden Gate Bridge opens to pedestrian traffic,Science & Technology
6/1/1937,Amelia Earhart begins her attempt to fly around the world,Exploration & Discovery
6/3/1937,The Duke of Windsor marries Wallis Simpson,Politics & Government
7/2/1937,Aviator Amelia Earhart disappears over the Pacific Ocean,Exploration & Discovery
7/7/1937,"Japan invades China, beginning full-scale war",War & Military Conflict
7/7/1937,Japan launches a full invasion of China after the Marco Polo Bridge Incident,War & Military Conflict
7/25/1937,Pablo Picasso's Guernica is unveiled at the Paris World's Fair,"Arts, Literature & Media"
12/13/1937,Japanese forces begin the Nanjing Massacre,Crime & Assassination
12/13/1937,Japanese forces begin the mass killing of civilians in Nanjing,War & Military Conflict
3/12/1938,Germany annexes Austria in the Anschluss,War & Military Conflict
6/23/1938,The Civil Aeronautics Act creates federal oversight of U.S. air travel,Politics & Government
9/21/1938,The Great New England Hurricane strikes the northeastern U.S.,Disaster & Tragedy
9/29/1938,"Chamberlain, Hitler, Mussolini, and Daladier sign the Munich Agreement",Politics & Government
9/30/1938,The Munich Agreement cedes Czech land to Germany,Politics & Government
10/27/1938,"Dupont announces invention of Nylon, named for New York and London",Science & Technology
11/9/1938,Nazis attack Jewish businesses and synagogues on Kristallnacht,War & Military Conflict
3/2/1939,Eugenio Pacelli is elected Pope Pius XII on the eve of World War II,Religion
3/15/1939,Germany occupies the remainder of Czechoslovakia,War & Military Conflict
3/28/1939,"Nationalist forces led by Franco capture Madrid, ending the Spanish Civil War",War & Military Conflict
5/22/1939,Germany and Italy sign the Pact of Steel,Politics & Government
6/12/1939,Baseball Hall of Fame opens in Cooperstown,Sports
8/23/1939,Germany and the Soviet Union sign a non-aggression pact,Politics & Government
9/1/1939,WWII begins as Germany invades Poland,War & Military Conflict
9/1/1939,"German forces cross into Poland, igniting World War II",War & Military Conflict
9/1/1939,"Germany invades Poland, beginning World War II in Europe",War & Military Conflict
9/3/1939,Britain and France declare war on Germany,War & Military Conflict
9/17/1939,Soviet forces invade Poland from the east,War & Military Conflict
11/11/1939,God Bless America is publicly sung for the first time by Kate Smith,"Arts, Literature & Media"
11/30/1939,Soviet forces invade Finland in the Winter War,War & Military Conflict
4/9/1940,Germany invades Denmark and Norway,War & Military Conflict
4/27/1940,SS chief Himmler orders the establishment of Auschwitz,War & Military Conflict
5/10/1940,Winston Churchill becomes British Prime Minister,Politics & Government
5/26/1940,The evacuation of Allied troops from Dunkirk begins,War & Military Conflict
6/4/1940,German forces invade Paris,War & Military Conflict
6/22/1940,France signs an armistice with Nazi Germany,War & Military Conflict
7/10/1940,The Battle of Britain begins in the skies over England,War & Military Conflict
7/27/1940,Bugs Bunny makes his debut,"Arts, Literature & Media"
9/27/1940,"Germany, Italy, and Japan sign the Tripartite Pact",Politics & Government
6/22/1941,Germany launches Operation Barbarossa against the Soviet Union,War & Military Conflict
6/22/1941,"Germany launches Operation Barbarossa, invading the Soviet Union",War & Military Conflict
7/1/1941,The first commercial television broadcast airs in New York,Science & Technology
12/7/1941,"Japan bombs Pearl Harbor, Hawaii",War & Military Conflict
12/8/1941,U.S. and Britain declare war on Japan,War & Military Conflict
12/11/1941,US declares war on Germany and Italy,War & Military Conflict
1/20/1942,Nazi officials plan the Holocaust at the Wannsee Conference,War & Military Conflict
5/30/1942,The RAF launches its first thousand-bomber raid on Cologne,War & Military Conflict
6/4/1942,The U.S. Navy wins a decisive victory at the Battle of Midway,War & Military Conflict
6/4/1942,The U.S. Navy wins the decisive Battle of Midway against Japan,War & Military Conflict
6/6/1942,The Battle of Midway turns the tide in the Pacific War,War & Military Conflict
8/7/1942,Battle of Guadalcanal,War & Military Conflict
8/23/1942,German forces begin their assault on Stalingrad,War & Military Conflict
11/8/1942,Allied forces launch Operation Torch in North Africa,War & Military Conflict
12/2/1942,The first controlled nuclear chain reaction is achieved in Chicago,Science & Technology
1/7/1943,Inventor Nikola Tesla dies,Science & Technology
2/2/1943,German forces surrender at the Battle of Stalingrad,War & Military Conflict
2/2/1943,"German forces surrender at Stalingrad, a turning point on the Eastern Front",War & Military Conflict
7/10/1943,Allied forces invade Sicily,War & Military Conflict
7/25/1943,Mussolini is deposed by the Italian Grand Council,Politics & Government
9/3/1943,Italy secretly signs an armistice with the Allies,War & Military Conflict
9/8/1943,Italy surrenders to the Allies,War & Military Conflict
6/4/1944,Allied troops liberate Rome,War & Military Conflict
6/6/1944,Allied forces land in Normandy on D-Day,War & Military Conflict
6/10/1944,German troops massacre villagers at Oradour-sur-Glane,War & Military Conflict
6/22/1944,Soviet forces launch Operation Bagration against German lines,War & Military Conflict
7/20/1944,Franklin D. Roosevelt nominated for a fourth term as U.S. President,Politics & Government
7/20/1944,Officers fail in their plot to assassinate Hitler,Crime & Assassination
8/1/1944,The Warsaw Uprising begins against German occupation,War & Military Conflict
8/1/1944,A diarist named Anne Frank makes her final entry before capture,War & Military Conflict
8/25/1944,Paris is liberated from German occupation,War & Military Conflict
10/2/1944,"Nazis crush the Warsaw uprising, killing 250,000 people",War & Military Conflict
12/16/1944,Germany launches its last major offensive in the Battle of the Bulge,War & Military Conflict
1/27/1945,Soviet troops liberate the Auschwitz concentration camp,War & Military Conflict
2/13/1945,Allied bombers devastate Dresden in a firestorm,War & Military Conflict
2/19/1945,U.S. Marines land on Iwo Jima,War & Military Conflict
2/23/1945,U.S. Marines raise the flag on Iwo Jima,War & Military Conflict
3/9/1945,American bombers firebomb Tokyo in a massive raid,War & Military Conflict
4/12/1945,President Franklin D. Roosevelt dies in office,Politics & Government
4/15/1945,British troops liberate the Bergen-Belsen concentration camp,War & Military Conflict
4/29/1945,American troops liberate the Dachau concentration camp,War & Military Conflict
4/30/1945,Adolf Hitler dies by suicide in his Berlin bunker,War & Military Conflict
5/2/1945,Berlin surrenders to the Russian army,War & Military Conflict
5/8/1945,Victory in Europe Day marks Germany's surrender,War & Military Conflict
5/23/1945,British Prime Minister Winston Churchill resigns,Politics & Government
6/26/1945,Delegates sign the United Nations Charter in San Francisco,Politics & Government
7/16/1945,First atomic bomb detonated in NM,War & Military Conflict
7/26/1945,Allied leaders issue the Potsdam Declaration demanding Japan's surrender,War & Military Conflict
8/6/1945,The U.S. drops an atomic bomb on Hiroshima,War & Military Conflict
8/6/1945,The United States drops an atomic bomb on Hiroshima,War & Military Conflict
8/9/1945,The U.S. drops a second atomic bomb on Nagasaki,War & Military Conflict
8/17/1945,Indonesia declares independence from the Netherlands,Politics & Government
9/2/1945,"Japan formally surrenders, ending World War II",War & Military Conflict
9/9/1945,Japanese forces in China formally surrender,War & Military Conflict
10/24/1945,The United Nations is officially established,Politics & Government
10/24/1945,The United Nations officially comes into existence,Politics & Government
11/20/1945,"International War Crimes Tribunal begins trials in Neuremburg, Germany",War & Military Conflict
2/14/1946,The ENIAC computer is unveiled to the public,Science & Technology
5/3/1946,The Tokyo war crimes tribunal begins for Japanese leaders,War & Military Conflict
7/4/1946,The Philippines gains full independence from the United States,Politics & Government
7/5/1946,The bikini swimsuit debuts in Paris,Science & Technology
7/6/1946,President George W. Bush is born,Politics & Government
7/26/1946,President Truman orders desegregation of all U.S. forces,Civil Rights & Social Movement
8/19/1946,President Bill Clinton is born,Politics & Government
10/16/1946,Ten Nazi leaders are executed following the Nuremberg trials,War & Military Conflict
4/28/1947,Thor Heyerdahl sets sail on the Kon-Tiki raft across the Pacific,Exploration & Discovery
5/3/1947,Japan's postwar constitution takes effect,Politics & Government
6/5/1947,Secretary Marshall proposes a plan to rebuild postwar Europe,Politics & Government
8/15/1947,India gains independence from Britain,Politics & Government
8/15/1947,India and Pakistan gain independence from Britain amid mass partition violence,Politics & Government
9/9/1947,"A moth is found jamming the Harvard Mark II computer, coining the term ""bug""",Science & Technology
10/14/1947,U.S. Air Force Capt. Chuch Yeager is first pilot to exceed the speed of sound,Science & Technology
11/29/1947,The UN votes to partition Palestine into Jewish and Arab states,Politics & Government
12/23/1947,Bell Labs scientists build the first working transistor,Science & Technology
1/4/1948,Burma gains independence from Britain,Politics & Government
1/30/1948,Mahatma Gandhi is assassinated in New Delhi,Crime & Assassination
2/4/1948,"Ceylon, later Sri Lanka, gains independence from Britain",Politics & Government
5/14/1948,The State of Israel is proclaimed,Politics & Government
5/15/1948,Arab armies invade the new state of Israel,War & Military Conflict
5/26/1948,The National Party's victory in South Africa begins the apartheid era,Civil Rights & Social Movement
6/24/1948,Soviet Union begins the Berlin Blockade,War & Military Conflict
7/29/1948,"The London Olympics open, the first Games held after World War II",Sports
3/18/1949,NATO is formed,Politics & Government
4/4/1949,Twelve nations sign the treaty founding NATO,Politics & Government
5/23/1949,"The Federal Republic of Germany, West Germany, is established",Politics & Government
7/20/1949,Israel and its Arab neighbors sign armistice agreements,War & Military Conflict
9/23/1949,The Soviet Union tests its first atomic bomb,War & Military Conflict
10/1/1949,Mao Zedong proclaims the People's Republic of China,Politics & Government
10/1/1949,Mao Zedong proclaims the founding of the People's Republic of China,Politics & Government
10/7/1949,East Germany is proclaimed as the German Democratic Republic,Politics & Government
1/26/1950,India adopts its constitution and becomes a republic,Politics & Government
1/26/1950,"India's new constitution takes effect, forming a republic",Politics & Government
5/9/1950,Robert Schuman proposes pooling European coal and steel production,Politics & Government
6/25/1950,"North Korean forces invade South Korea, starting the Korean War",War & Military Conflict
9/15/1950,"UN forces land at Inchon, turning the tide of the Korean War",War & Military Conflict
11/1/1950,Chinese forces intervene in the Korean War,War & Military Conflict
4/11/1951,President Truman relieves General MacArthur of command,Politics & Government
4/18/1951,"Six nations sign the Treaty of Paris, founding the European Coal and Steel Community",Politics & Government
9/4/1951,The first live coast-to-coast television broadcast airs in the U.S.,Science & Technology
10/3/1951,"Bobby Thomson hits the ""Shot Heard 'Round the World""",Sports
1/14/1952,NBC's Today show debuts,"Arts, Literature & Media"
2/6/1952,Elizabeth II becomes Queen of the United Kingdom,Politics & Government
7/23/1952,Free Officers overthrow Egypt's King Farouk in a coup,Politics & Government
7/25/1952,Puerto Rico becomes a self-governing commonwealth of the U.S.,Politics & Government
3/5/1953,Soviet leader Joseph Stalin dies,Politics & Government
3/11/1953,Nuclear bomb accidentally dropped on North Carolina,War & Military Conflict
3/26/1953,Jonas Salk announces a successful polio vaccine,Science & Technology
4/25/1953,Watson and Crick describe the double-helix structure of DNA,Science & Technology
5/25/1953,The first hydrogen bomb test devastates a Pacific atoll,War & Military Conflict
5/29/1953,Edmund Hillary and Tenzing Norgay reach the summit of Mount Everest,Exploration & Discovery
5/29/1953,Edmund Hillary and Tenzing Norgay become the first to summit Mount Everest,Exploration & Discovery
7/26/1953,Fidel Castro's rebels attack the Moncada Barracks in Cuba,War & Military Conflict
7/27/1953,An armistice ends fighting in the Korean War,War & Military Conflict
8/19/1953,A CIA-backed coup restores the Shah to power in Iran,Politics & Government
9/12/1953,Nikita Khrushcheb becomes Soviet Prime Minister,Politics & Government
5/6/1954,Roger Bannister runs the first sub-four-minute mile,Sports
5/8/1954,Viet Minh forces overrun the French garrison at Dien Bien Phu,War & Military Conflict
5/17/1954,The U.S. Supreme Court rules school segregation unconstitutional in Brown v. Board,Civil Rights & Social Movement
7/2/1954,France withdraws from Vietnam after defeat at Dien Bien Phu,War & Military Conflict
7/20/1954,The Geneva Conference partitions Vietnam,Politics & Government
7/21/1954,The Geneva Accords divide Vietnam at the 17th parallel,Politics & Government
7/29/1954,England's Roger Bannister sets a new mile world record,Sports
11/1/1954,The Algerian War of Independence against France begins,War & Military Conflict
11/12/1954,Ellis Island immigration station in NY Harbor is closed,Politics & Government
4/12/1955,The Salk polio vaccine is declared safe and effective,Science & Technology
4/12/1955,Researchers announce Jonas Salk's polio vaccine is safe and effective,Science & Technology
4/18/1955,Physicist Albert Einstein dies,Science & Technology
12/1/1955,Rosa Parks arrested for not moving to the back of the bus,Civil Rights & Social Movement
12/5/1955,The Montgomery Bus Boycott begins,Civil Rights & Social Movement
4/19/1956,Grace Kelley marries Prince Ranier III of Monaco,Politics & Government
10/23/1956,The Hungarian Revolution against Soviet rule begins,War & Military Conflict
10/29/1956,"Israel invades the Sinai Peninsula, starting the Suez Crisis",War & Military Conflict
11/4/1956,Soviet tanks crush the Hungarian uprising in Budapest,War & Military Conflict
11/22/1956,"The Melbourne Olympics open, the first held in the Southern Hemisphere",Sports
12/2/1956,Fidel Castro's small rebel force lands in Cuba aboard the Granma,War & Military Conflict
3/6/1957,Ghana becomes the first sub-Saharan African colony to gain independence,Politics & Government
3/25/1957,"Six nations sign the Treaty of Rome, founding the European Economic Community",Business & Economy
7/6/1957,Althea Gibson becomes the first Black player to win Wimbledon,Sports
7/29/1957,Pres. Eisenhower signs legislation creating NASA,Space & Astronomy
9/24/1957,Federal troops enforce integration at Little Rock Central High,Civil Rights & Social Movement
10/4/1957,The Soviet Sputnik satellite is the first to orbit the earth,Space & Astronomy
11/3/1957,The Soviet Union launches Sputnik 2 carrying the dog Laika,Space & Astronomy
2/6/1958,A plane crash in Munich kills several Manchester United players,Disaster & Tragedy
7/29/1958,Congress establishes NASA,Space & Astronomy
7/29/1958,Explorer 1 confirms the Van Allen radiation belts,Space & Astronomy
8/29/1958,Singer Michael Jackson is born,"Arts, Literature & Media"
10/1/1958,NASA formally begins operations,Space & Astronomy
1/1/1959,Fidel Castro's forces overthrow the Batista government in Cuba,Politics & Government
1/1/1959,Fidel Castro's forces topple the Batista government in Cuba,Politics & Government
1/3/1959,Alaska becomes 49th U.S. state,Politics & Government
1/8/1959,Fidel Castro's forces enter Havana in triumph,War & Military Conflict
2/3/1959,"Musicians Buddy Holly, Ritchie Valens, and the Big Bopper die in a plane crash",Disaster & Tragedy
3/17/1959,The Dalai Lama flees Tibet for India,Religion
7/28/1959,Hawaii's first U.S. election send first Asian American to Congress,Politics & Government
8/21/1959,Hawaii is admitted as the 50th U.S. state,Politics & Government
1/1/1960,"Seventeen African nations gain independence in the ""Year of Africa""",Politics & Government
5/1/1960,A U.S. U-2 spy plane is shot down over the Soviet Union,War & Military Conflict
5/22/1960,"A massive earthquake strikes Valdivia, Chile, the largest ever recorded",Disaster & Tragedy
6/30/1960,The Congo gains independence from Belgium,Politics & Government
8/25/1960,The Rome Olympics open,Sports
9/26/1960,Kennedy and Nixon hold the first televised presidential debate,Politics & Government
10/1/1960,Nigeria gains independence from Britain,Politics & Government
1/20/1961,President John F. Kennedy delivers his inaugural address,Politics & Government
4/12/1961,Yuri Gagarin becomes the first human in space,Space & Astronomy
4/17/1961,Cuban exiles launch the failed Bay of Pigs invasion,War & Military Conflict
4/17/1961,CIA-backed exiles land at Cuba's Bay of Pigs in a failed invasion,War & Military Conflict
4/27/1961,Sierra Leone gains independence from Britain,Politics & Government
5/5/1961,Alan Shepard is first American in space,Space & Astronomy
5/25/1961,President Kennedy commits the U.S. to landing on the Moon by decade's end,Space & Astronomy
8/4/1961,President Barack Obama is born,Politics & Government
8/13/1961,East Germany begins construction of the Berlin Wall,Politics & Government
10/1/1961,"Roger Maris hits his 61st home run, breaking Babe Ruth's record",Sports
2/20/1962,John Glenn becomes the first American to orbit the Earth,Space & Astronomy
5/31/1962,Nazi war criminal Adolf Eichmann executed,War & Military Conflict
6/30/1962,Belgium and the Congo formally separate as the Congo gains independence,Politics & Government
7/1/1962,Algeria gains independence from France,Politics & Government
7/5/1962,Algeria gains independence after a long war with France,War & Military Conflict
7/23/1962,Telstar relays the first live transatlantic television broadcast,Science & Technology
9/12/1962,"Kennedy delivers his ""We choose to go to the Moon"" speech at Rice",Space & Astronomy
10/9/1962,Uganda gains independence from Britain,Politics & Government
10/11/1962,Pope John XXIII opens the Second Vatican Council,Religion
10/16/1962,The Cuban Missile Crisis begins,Politics & Government
10/20/1962,China and India go to war over their disputed Himalayan border,War & Military Conflict
10/22/1962,President Kennedy announces the naval blockade of Cuba on television,War & Military Conflict
10/28/1962,The Cuban Missile Crisis ends as the Soviets agree to remove missiles,Politics & Government
11/22/1962,President John F. Kennedy was assasinated,Crime & Assassination
1/14/1963,Charles de Gaulle vetoes British entry into the Common Market,Politics & Government
5/25/1963,African leaders found the Organisation of African Unity,Politics & Government
6/11/1963,Governor Wallace blocks the schoolhouse door at the University of Alabama,Civil Rights & Social Movement
6/16/1963,Valentina Tereshkova becomes the first woman in space,Space & Astronomy
7/1/1963,U.S. Postal Service starts using ZIP code system,Politics & Government
8/5/1963,The U.S. and USSR sign the Partial Nuclear Test Ban Treaty,Politics & Government
8/28/1963,"Martin Luther King Jr. delivers his ""I Have a Dream"" speech",Politics & Government
8/28/1963,"More than 200,000 gather for the March on Washington",Civil Rights & Social Movement
9/15/1963,A bombing kills four girls at a Birmingham church,Civil Rights & Social Movement
11/22/1963,Aldous Huxley and C.S. Lewis die the same day as President Kennedy,Politics & Government
11/22/1963,President John F. Kennedy is assassinated in Dallas,Crime & Assassination
11/22/1963,CBS interrupts programming to report the Kennedy assassination,Crime & Assassination
12/12/1963,Kenya gains independence from Britain,Politics & Government
2/9/1964,The Beatles make their American television debut on Ed Sullivan,"Arts, Literature & Media"
2/9/1964,The Beatles make their American television debut on The Ed Sullivan Show,"Arts, Literature & Media"
2/25/1964,Cassius Clay defeats Sonny Liston to become heavyweight champion,Sports
7/2/1964,President Johnson signs the Civil Rights Act,Civil Rights & Social Movement
8/2/1964,U.S. destroyers report an attack in the Gulf of Tonkin,War & Military Conflict
8/2/1964,A reported naval clash in the Gulf of Tonkin escalates U.S. involvement in Vietnam,War & Military Conflict
8/7/1964,Congress passes the Gulf of Tonkin Resolution,Politics & Government
2/21/1965,Malcolm X is assassinated in New York City,Crime & Assassination
3/7/1965,State troopers attack marchers on Bloody Sunday in Selma,Civil Rights & Social Movement
3/8/1965,First U.S. troops arrive in Vietnam,War & Military Conflict
3/18/1965,Alexei Leonov performs the first spacewalk,Space & Astronomy
3/21/1965,"Martin Luther King Jr. leads march from Selma to Montgomery, AL",Politics & Government
8/6/1965,President Johnson signs the Voting Rights Act,Civil Rights & Social Movement
8/9/1965,Singapore separates from Malaysia and becomes independent,Politics & Government
10/1/1965,An attempted coup in Indonesia leads to Suharto's rise to power,Politics & Government
11/22/1965,Frank Sinatra records at the height of his career,"Arts, Literature & Media"
2/3/1966,The Soviet Luna 9 becomes the first spacecraft to soft-land on the Moon,Space & Astronomy
9/6/1966,Star Trek television program premieres,"Arts, Literature & Media"
10/21/1966,"A coal waste landslide buries a school in Aberfan, Wales",Disaster & Tragedy
1/15/1967,The Green Bay Packers win the first Super Bowl,Sports
1/27/1967,"Apollo 1 fire kills astronauts Grissom, White, and Chaffee",Space & Astronomy
6/1/1967,The Beatles release Sgt. Pepper's Lonely Hearts Club Band,"Arts, Literature & Media"
6/5/1967,Six Day War begins between Isreal and it's Arab neighbors,War & Military Conflict
6/5/1967,Israel launches the Six-Day War against Arab neighbors,War & Military Conflict
8/30/1967,Thurgood Marshall becomes the first black Supreme Court Justice,Politics & Government
1/2/1968,First successful human heart transplant performed,Science & Technology
1/30/1968,North Vietnamese forces launch the Tet Offensive,War & Military Conflict
1/30/1968,North Vietnamese and Viet Cong forces launch the Tet Offensive,War & Military Conflict
1/31/1968,Communist forces launch the surprise Tet Offensive,War & Military Conflict
3/16/1968,U.S. troops kill hundreds of civilians at My Lai,War & Military Conflict
4/4/1968,Martin Luther King Jr. is assassinated in Memphis,Crime & Assassination
4/4/1968,Civil rights leader Martin Luther King Jr. is assassinated in Memphis,Crime & Assassination
6/5/1968,Robert F. Kennedy is assassinated in Los Angeles,Crime & Assassination
6/6/1968,Senator Robert F. Kennedy is assassinated in Los Angeles,Crime & Assassination
7/1/1968,Nations sign the Nuclear Non-Proliferation Treaty,Politics & Government
8/20/1968,"Soviet-led forces invade Czechoslovakia, crushing the Prague Spring",War & Military Conflict
10/2/1968,Mexican troops kill student protesters in the Tlatelolco massacre,Civil Rights & Social Movement
12/9/1968,"Douglas Engelbart demonstrates the computer mouse in ""The Mother of All Demos""",Science & Technology
12/24/1968,Apollo 8 astronauts orbit the Moon on Christmas Eve,Space & Astronomy
6/23/1969,Chappaquiddick incident occurs involving Senator Ted Kennedy,Politics & Government
6/28/1969,The Stonewall riots in New York spark the modern gay rights movement,Civil Rights & Social Movement
7/20/1969,Apollo 11 astronauts Armstrong and Aldrin walk on the Moon,Space & Astronomy
8/9/1969,Followers of Charles Manson murder actress Sharon Tate and others,Crime & Assassination
8/15/1969,The Woodstock music festival opens in New York,"Arts, Literature & Media"
8/15/1969,The Woodstock music festival opens in upstate New York,"Arts, Literature & Media"
8/16/1969,Woostock rock festival begins,"Arts, Literature & Media"
11/14/1969,"Apollo 12 launches, later struck by lightning shortly after liftoff",Space & Astronomy
12/13/1969,The Woodstock era peaks as counterculture reshapes music festivals,"Arts, Literature & Media"
4/11/1970,Apollo 13 launches on its ill-fated mission to the Moon,Space & Astronomy
4/17/1970,The crippled Apollo 13 spacecraft splashes down safely,Space & Astronomy
5/4/1970,Four students killed by National Guard at Kent State University,Civil Rights & Social Movement
6/22/1970,26th Amendment lowers voting age to 18,Politics & Government
9/28/1970,Egyptian President Gamal Abdel Nasser dies,Politics & Government
10/8/1970,Muhammad Ali returns to boxing after his exile for draft refusal,Sports
1/1/1971,"Intel releases the 4004, the first commercial microprocessor",Science & Technology
1/12/1971,All in the Family debuts on CBS,"Arts, Literature & Media"
3/26/1971,"East Pakistan declares independence, leading to the creation of Bangladesh",Politics & Government
5/26/1972,Nixon and Brezhnev sign the SALT I arms treaty,Politics & Government
6/17/1972,Burglars are arrested at the Watergate complex,Crime & Assassination
8/26/1972,"The Munich Olympics open, later marked by a deadly hostage crisis",Sports
9/5/1972,Palestinian militants attack Israeli athletes at the Munich Olympics,War & Military Conflict
9/5/1972,Palestinian militants kill eleven Israeli athletes at the Munich Olympics,War & Military Conflict
12/11/1972,Apollo 17 astronauts make the final crewed Moon landing,Space & Astronomy
1/1/1973,"Britain, Ireland, and Denmark join the European Economic Community",Business & Economy
1/22/1973,The Supreme Court legalizes abortion nationwide in Roe v. Wade,Politics & Government
1/23/1973,Nixon announces a peace agreement ending U.S. involvement in Vietnam,Politics & Government
1/27/1973,The Paris Peace Accords end direct U.S. involvement in Vietnam,Politics & Government
3/2/1973,Vietnam peace treaty signed in Paris,Politics & Government
4/3/1973,Martin Cooper makes the first handheld cellphone call,Science & Technology
5/14/1973,The U.S. launches the Skylab space station,Space & Astronomy
6/23/1973,Secretariat wins the Triple Crown at the Belmont Stakes,Sports
9/11/1973,A military coup overthrows President Allende in Chile,War & Military Conflict
9/11/1973,General Pinochet seizes power in Chile,War & Military Conflict
9/11/1973,A military coup led by General Pinochet overthrows Chile's President Allende,Politics & Government
9/20/1973,Billie Jean King defeats Bobby Riggs in the Battle of the Sexes,Sports
10/6/1973,"Egypt and Syria attack Israel, starting the Yom Kippur War",War & Military Conflict
10/6/1973,"Egypt and Syria launch a surprise attack on Israel, starting the Yom Kippur War",War & Military Conflict
12/4/1973,Pioneer 10 reaches Jupiter,Space & Astronomy
4/8/1974,Hank Aaron breaks Babe Ruth's career home run record,Sports
4/25/1974,The Carnation Revolution topples Portugal's dictatorship,Politics & Government
5/18/1974,India conducts its first nuclear test,Science & Technology
8/9/1974,President Richard Nixon resigns over the Watergate scandal,Politics & Government
9/8/1974,President Gerald Ford pardons Richard Nixon,Politics & Government
10/3/1974,The Watergate trial began,Crime & Assassination
10/30/1974,Muhammad Ali defeats George Foreman in the Rumble in the Jungle,Sports
1/1/1975,Microsoft is founded by Bill Gates and Paul Allen,Business & Economy
4/4/1975,Bill Gates and Paul Allen found Microsoft,Science & Technology
4/17/1975,Khmer Rouge forces capture Phnom Penh,War & Military Conflict
4/17/1975,Khmer Rouge forces capture Phnom Penh and begin a brutal regime in Cambodia,War & Military Conflict
4/30/1975,"Saigon falls, ending the Vietnam War",War & Military Conflict
7/15/1975,The Apollo-Soyuz Test Project links American and Soviet spacecraft in orbit,Space & Astronomy
7/17/1975,American and Soviet crews dock in orbit for the first time,Space & Astronomy
9/16/1975,Papua New Guinea gains independence,Politics & Government
11/11/1975,Angola gains independence from Portugal,Politics & Government
11/20/1975,Spanish dictator Francisco Franco dies,Politics & Government
11/25/1975,Suriname gains independence from the Netherlands,Politics & Government
4/1/1976,Steve Jobs and Steve Wozniak found Apple Computer,Science & Technology
6/16/1976,Police kill student protesters in the Soweto uprising in South Africa,Civil Rights & Social Movement
7/4/1976,The U.S. celebrates its Bicentennial,Politics & Government
7/18/1976,Nadia Comaneci scores gymnastics' first perfect 10 at the Montreal Olympics,Sports
7/20/1976,The Viking 1 spacecraft lands on Mars,Space & Astronomy
9/3/1976,The Viking 2 lander touches down on Mars,Space & Astronomy
6/5/1977,The Apple II personal computer goes on sale,Science & Technology
7/13/1977,New York City paralyzed by 25 hour black-out,Disaster & Tragedy
8/16/1977,Singer Elvis Presley dies at Graceland,"Arts, Literature & Media"
8/20/1977,NASA launches the Voyager 2 probe toward the outer planets,Space & Astronomy
9/5/1977,NASA launches the Voyager 1 probe toward the outer planets,Space & Astronomy
9/7/1977,The U.S. agrees to hand over the Panama Canal by treaty,Science & Technology
11/19/1977,Egyptian President Sadat becomes the first Arab leader to visit Israel,Politics & Government
4/2/1978,Velcro is first sold,Science & Technology
8/26/1978,Albino Luciani is elected Pope John Paul I,Religion
9/17/1978,The Camp David Accords are signed,Politics & Government
9/17/1978,Diff'rent Strokes-era sitcoms dominate American television ratings,"Arts, Literature & Media"
10/16/1978,Cardinal Karol Wojtyla is elected Pope John Paul II,Religion
11/18/1978,Over 900 people die in the Jonestown mass murder-suicide,Crime & Assassination
1/7/1979,Vietnamese forces oust the Khmer Rouge from Phnom Penh,War & Military Conflict
1/16/1979,The Shah of Iran flees the country amid revolution,War & Military Conflict
1/16/1979,The Shah flees Iran as the Iranian Revolution triumphs,Politics & Government
2/1/1979,"Ayatollah Khomeini returns to Iran, leading the revolution",War & Military Conflict
3/26/1979,Egypt and Israel sign a formal peace treaty,Politics & Government
3/28/1979,A partial meltdown occurs at the Three Mile Island nuclear plant,Disaster & Tragedy
5/4/1979,Margaret Thatcher becomes Britain's first female Prime Minister,Politics & Government
6/18/1979,Carter and Brezhnev sign the SALT II treaty,Politics & Government
9/1/1979,ESPN launches as a 24-hour sports cable network,Science & Technology
11/4/1979,"Iranian militants seize the U.S. Embassy in Tehran, starting the hostage crisis",War & Military Conflict
11/4/1979,"Iranian students storm the U.S. embassy in Tehran, starting the hostage crisis",War & Military Conflict
12/24/1979,The Soviet Union invades Afghanistan,War & Military Conflict
12/27/1979,Soviet forces invade Afghanistan,War & Military Conflict
2/22/1980,The U.S. hockey team stuns the Soviets in the Miracle on Ice,Sports
4/18/1980,Zimbabwe achieves independence after years of conflict,Politics & Government
5/18/1980,Mount St. Helens erupts in Washington State,Disaster & Tragedy
6/1/1980,CNN begins broadcasting as the first 24-hour news channel,Science & Technology
6/27/1980,Pac-Man is released in Japanese arcades,Science & Technology
7/19/1980,The Moscow Olympics open amid a Western boycott over Afghanistan,Sports
9/22/1980,"Iraq invades Iran, beginning the Iran-Iraq War",War & Military Conflict
11/12/1980,Voyager 1 makes its closest approach to Saturn,Space & Astronomy
12/2/1980,Four American churchwomen are murdered in El Salvador,Crime & Assassination
12/8/1980,John Lennon shot and killed in NYC,Crime & Assassination
3/30/1981,President Ronald Reagan survives an assassination attempt,Crime & Assassination
4/12/1981,"The first Space Shuttle, Columbia, launches",Space & Astronomy
8/1/1981,"MTV launches, airing ""Video Killed the Radio Star"" first",Science & Technology
8/12/1981,IBM releases its first personal computer,Science & Technology
9/21/1981,Sandra Day O'Connor becomes the first female U.S. Supreme Court Justice,Politics & Government
10/6/1981,Egyptian President Anwar Sadat is assassinated,Crime & Assassination
12/13/1981,Martial law is declared in Poland to suppress Solidarity,Politics & Government
4/2/1982,Argentina invades the Falkland Islands,War & Military Conflict
4/2/1982,"Argentina invades the Falkland Islands, prompting war with Britain",War & Military Conflict
6/6/1982,Israel invades Lebanon,War & Military Conflict
3/23/1983,President Reagan proposes the Strategic Defense Initiative,Politics & Government
6/18/1983,Sally Ride becomes the first American woman in space,Space & Astronomy
9/1/1983,Soviet fighters shoot down Korean Air Lines Flight 007,War & Military Conflict
9/26/1983,Soviet officer Stanislav Petrov averts a false nuclear alarm,War & Military Conflict
10/23/1983,A truck bombing kills 241 U.S. Marines in Beirut,War & Military Conflict
10/25/1983,U.S. forces invade Grenada,War & Military Conflict
1/1/1984,AT&T's telephone monopoly is officially broken up,Science & Technology
1/24/1984,Apple introduces the Macintosh personal computer,Science & Technology
10/31/1984,Indian Prime Minister Indira Gandhi is assassinated by her bodyguards,Crime & Assassination
12/3/1984,"A gas leak in Bhopal, India kills thousands",Disaster & Tragedy
12/3/1984,"A gas leak at a Union Carbide plant in Bhopal, India kills thousands",Disaster & Tragedy
3/11/1985,Mikhail Gorbachev becomes leader of the Soviet Union,Politics & Government
9/1/1985,A joint expedition locates the wreck of the Titanic,Science & Technology
9/13/1985,The video game Super Mario Bros. is released in Japan,Science & Technology
1/24/1986,Voyager 2 makes its closest approach to Uranus,Space & Astronomy
1/28/1986,Space Shuttle Chanlleger explodes killing all on board,Space & Astronomy
4/15/1986,The U.S. bombs Libya in retaliation for a Berlin nightclub attack,War & Military Conflict
4/26/1986,The Chernobyl nuclear disaster,Disaster & Tragedy
7/23/1986,Voyager data reshapes scientific understanding of the outer solar system,Space & Astronomy
6/12/1987,"President Reagan challenges Gorbachev to ""tear down this wall""",Politics & Government
10/19/1987,Stock markets crash worldwide on Black Monday,Disaster & Tragedy
12/8/1987,The U.S. and USSR sign the Intermediate-Range Nuclear Forces Treaty,Politics & Government
9/17/1988,The Seoul Olympics open,Sports
12/21/1988,"A bomb destroys Pan Am Flight 103 over Lockerbie, Scotland",War & Military Conflict
1/1/1989,Tim Berners-Lee proposes what becomes the World Wide Web at CERN,Science & Technology
3/12/1989,Tim Berners-Lee proposes the World Wide Web,Science & Technology
3/24/1989,The Exxon Valdez spills oil into Alaska's Prince William Sound,Disaster & Tragedy
6/4/1989,Chinese troops crush pro-democracy protests in Tiananmen Square,War & Military Conflict
6/4/1989,Poland holds its first partially free elections since WWII,Politics & Government
8/25/1989,Voyager 2 makes its closest approach to Neptune,Space & Astronomy
11/9/1989,The Berlin Wall falls,Politics & Government
11/9/1989,"The Berlin Wall falls, symbolizing the end of the Cold War divide",Politics & Government
12/25/1989,Romanian dictator Nicolae Ceausescu is executed,Crime & Assassination
2/11/1990,Nelson Mandela is released from prison after 27 years,Civil Rights & Social Movement
4/24/1990,The Hubble Space Telescope is launched into orbit,Space & Astronomy
5/22/1990,Microsoft releases Windows 3.0,Science & Technology
7/26/1990,President Bush signs the Americans with Disabilities Act,Civil Rights & Social Movement
8/2/1990,"Iraq invades Kuwait, Emir flees to Saudi Arabia",War & Military Conflict
8/2/1990,"Iraq invades Kuwait, prompting the Gulf War",War & Military Conflict
10/3/1990,East and West Germany reunify,Politics & Government
11/12/1990,Tim Berners-Lee submits his formal proposal for the World Wide Web,Science & Technology
11/22/1990,The Sega Genesis and Super Nintendo era of gaming peaks in the U.S.,Science & Technology
12/1/1990,Workers complete the Channel Tunnel connection under the sea,Science & Technology
1/17/1991,The Gulf War air campaign begins with Operation Desert Storm,War & Military Conflict
6/12/1991,Boris Yeltsin is elected president of the Russian republic,Politics & Government
7/24/1991,India launches sweeping economic liberalization reforms,Business & Economy
7/31/1991,Bush and Gorbachev sign the START I arms reduction treaty,Politics & Government
8/6/1991,The first website goes live on the World Wide Web,Science & Technology
8/19/1991,Hardline Soviet officials attempt a coup against Gorbachev,War & Military Conflict
9/17/1991,South and North Korea both join the United Nations,Politics & Government
12/8/1991,"Leaders sign the Belavezha Accords, dissolving the Soviet Union",Politics & Government
12/25/1991,Mikhail Gorbachev resigns as the final leader of the Soviet Union,Politics & Government
12/26/1991,The Soviet Union is officially dissolved,Politics & Government
12/26/1991,The Soviet Union is formally dissolved,Politics & Government
2/7/1992,"European leaders sign the Maastricht Treaty, founding the European Union",Politics & Government
7/25/1992,The Barcelona Olympics open,Sports
9/16/1992,The British pound crashes out of the European exchange rate mechanism,Disaster & Tragedy
4/30/1993,CERN places the World Wide Web software in the public domain,Science & Technology
5/24/1993,Eritrea formally gains independence from Ethiopia,Politics & Government
9/13/1993,Rabin and Arafat sign the Oslo Accords on the White House lawn,Politics & Government
10/4/1993,Yeltsin orders tanks to shell the Russian parliament building,War & Military Conflict
1/1/1994,The North American Free Trade Agreement takes effect,Business & Economy
1/1/1994,"The Zapatista uprising begins in Chiapas, Mexico",Civil Rights & Social Movement
2/12/1994,"The Winter Olympics open in Lillehammer, Norway",Sports
4/6/1994,The Rwandan genocide begins,Crime & Assassination
4/6/1994,The assassination of Rwanda's president triggers the Rwandan genocide,Crime & Assassination
4/27/1994,South Africa holds its first multiracial elections,Politics & Government
5/6/1994,"The Channel Tunnel opens, linking Britain and France",Science & Technology
5/6/1994,"Britain and France open the Channel Tunnel, linking Britain and France",Business & Economy
5/10/1994,Nelson Mandela sworn in as South Africa's first black president,Civil Rights & Social Movement
5/10/1994,The Chunnel construction crews complete the Channel Tunnel breakthrough,Science & Technology
6/12/1994,O.J. Simpson's ex-wife and her friend are found murdered in Los Angeles,Crime & Assassination
7/4/1994,Jeff Bezos founds Amazon as an online bookstore,Business & Economy
10/26/1994,Israel and Jordan sign a peace treaty,Politics & Government
12/9/1994,Sony launches the PlayStation console in Japan,Science & Technology
12/11/1994,"Russian troops enter Chechnya, starting the First Chechen War",War & Military Conflict
1/1/1995,The World Trade Organization is established,Business & Economy
4/19/1995,A truck bomb destroys the Alfred P. Murrah Building in Oklahoma City,War & Military Conflict
5/23/1995,Sun Microsystems releases the Java programming language,Science & Technology
7/16/1995,Amazon.com opens for business as an online bookstore,Science & Technology
8/9/1995,Netscape's public stock offering fuels the dot-com boom,Business & Economy
8/24/1995,Microsoft releases Windows 95 amid huge fanfare,Science & Technology
9/4/1995,eBay is founded as an online auction site,Science & Technology
9/7/1995,Amazon ships its first book order,Business & Economy
10/3/1995,A jury acquits O.J. Simpson of murder charges,Crime & Assassination
11/4/1995,Israeli Prime Minister Yitzhak Rabin is assassinated,Crime & Assassination
11/21/1995,The Dayton Agreement ends the war in Bosnia,War & Military Conflict
7/5/1996,"Scientists in Scotland clone Dolly the sheep, the first mammal cloned from an adult cell",Science & Technology
7/1/1997,Hong Kong is handed over from Britain to China,Politics & Government
7/4/1997,Mars Pathfinder lands on Mars,Space & Astronomy
8/31/1997,"Diana, Princess of Wales, dies in a car crash in Paris",Disaster & Tragedy
9/5/1997,Mother Theresa dies in Calcutta at age 87,Religion
12/11/1997,Nations adopt the Kyoto Protocol on climate change,Politics & Government
5/11/1998,India conducts a series of nuclear weapons tests at Pokhran,Science & Technology
7/17/1998,Nicholas II of Russia and family buried 80 years after they are assasinated,Crime & Assassination
8/7/1998,Bombs strike U.S. embassies in Kenya and Tanzania,War & Military Conflict
9/4/1998,Larry Page and Sergey Brin found Google,Science & Technology
9/23/1998,Google's founders file for incorporation,Science & Technology
11/20/1998,The first module of the International Space Station is launched,Space & Astronomy
12/19/1998,The U.S. House of Representatives votes to impeach President Clinton,Politics & Government
12/20/1998,U.S. President William Jefferson Clinton is impeached,Politics & Government
1/1/1999,The euro currency is introduced across much of Europe,Business & Economy
12/31/1999,"Russian President Boris Yeltsin resigns, naming Vladimir Putin acting president",Politics & Government
12/31/1999,Fears of the Y2K computer bug peak as the millennium turns,Science & Technology
12/31/1999,The United States formally transfers the Panama Canal to Panama,Science & Technology
3/10/2000,The dot-com bubble reaches its peak on the Nasdaq,Business & Economy
9/15/2000,The Sydney Olympics open,Sports
10/12/2000,A suicide attack strikes the USS Cole in Yemen,War & Military Conflict
9/11/2001,Terrorists attack the World Trade Center and Pentagon,War & Military Conflict
9/21/2001,Congress approves funds to bail out the airline industry after 9/11,Politics & Government
10/7/2001,U.S. forces begin operations in Afghanistan,War & Military Conflict
10/26/2001,Congress passes the USA PATRIOT Act,Politics & Government
11/22/2001,Microsoft releases its first Xbox console,Science & Technology
12/11/2001,China formally joins the World Trade Organization,Business & Economy
1/1/2002,Euro banknotes and coins enter circulation across the eurozone,Business & Economy
2/8/2002,The Winter Olympics open in Salt Lake City,Sports
2/1/2003,The Space Shuttle Columbia disintegrates during re-entry,Space & Astronomy
3/1/2003,The Department of Homeland Security begins operations,Politics & Government
3/20/2003,The United States invades Iraq,War & Military Conflict
4/14/2003,The Human Genome Project completes a full sequence of human DNA,Science & Technology
4/30/2003,"Apple launches the iTunes Store, reshaping the music industry",Science & Technology
9/4/2003,MySpace launches as an early social networking site,Science & Technology
12/13/2003,U.S. forces capture former Iraqi leader Saddam Hussein,War & Military Conflict
1/4/2004,The Spirit rover lands on Mars,Space & Astronomy
1/25/2004,The Opportunity rover lands on the opposite side of Mars,Space & Astronomy
2/1/2004,A wardrobe malfunction at the Super Bowl sparks a broadcast standards debate,Sports
2/4/2004,Mark Zuckerberg launches Facebook from his Harvard dorm room,Science & Technology
2/29/2004,Haitian President Jean-Bertrand Aristide flees into exile amid rebellion,Politics & Government
3/11/2004,Bombs kill nearly 200 commuters on trains in Madrid,War & Military Conflict
5/1/2004,"Ten countries, mostly from Eastern Europe, join the European Union",Politics & Government
6/21/2004,SpaceShipOne becomes the first private crewed spacecraft to reach space,Space & Astronomy
9/1/2004,"Chechen militants seize a school in Beslan, Russia",War & Military Conflict
10/4/2004,SpaceShipOne wins the Ansari X Prize for private spaceflight,Space & Astronomy
12/26/2004,"A massive tsunami in the Indian Ocean kills over 230,000 people",Disaster & Tragedy
4/6/2005,YouTube co-founders upload the site's first video,Science & Technology
4/19/2005,Cardinal Joseph Ratzinger is elected Pope Benedict XVI,Religion
7/7/2005,Coordinated bombings strike London's transit system,Crime & Assassination
8/29/2005,Hurricane Katrina devastates the U.S. Gulf Coast,Disaster & Tragedy
3/21/2006,Twitter's founders send the platform's first tweet,Science & Technology
8/24/2006,The International Astronomical Union demotes Pluto to a dwarf planet,Space & Astronomy
11/19/2006,Nintendo releases the Wii console in North America,Science & Technology
1/9/2007,Steve Jobs unveils the first iPhone at Macworld,Science & Technology
6/29/2007,Apple releases the first iPhone,Science & Technology
8/8/2008,The Beijing Olympics open with an elaborate ceremony,Sports
9/15/2008,"Lehman Brothers collapses, deepening the global financial crisis",Business & Economy
11/4/2008,Barack Obama is elected the first African American U.S. President,Politics & Government
11/26/2008,Gunmen attack multiple sites in Mumbai,War & Military Conflict
6/1/2009,General Motors files for bankruptcy protection,Business & Economy
6/25/2009,Singer Michael Jackson dies,"Arts, Literature & Media"
1/12/2010,"A massive earthquake devastates Port-au-Prince, Haiti",Disaster & Tragedy
2/27/2010,A powerful earthquake strikes Chile,Disaster & Tragedy
3/23/2010,President Obama signs the Affordable Care Act into law,Politics & Government
4/3/2010,Apple releases the first iPad tablet,Science & Technology
4/20/2010,An explosion on the Deepwater Horizon oil rig causes a massive Gulf spill,Disaster & Tragedy
10/6/2010,Instagram launches as a photo-sharing app,Science & Technology
12/17/2010,A Tunisian street vendor's protest ignites the Arab Spring,Civil Rights & Social Movement
1/9/2011,South Sudan votes overwhelmingly for independence,Politics & Government
2/11/2011,Egyptian President Hosni Mubarak resigns after mass protests,Politics & Government
3/11/2011,"A massive earthquake and tsunami strike Japan, triggering a nuclear crisis",Disaster & Tragedy
5/2/2011,U.S. forces kill Osama bin Laden in Pakistan,War & Military Conflict
7/22/2011,A gunman kills 77 people in attacks in Norway,War & Military Conflict
10/20/2011,Libyan leader Muammar Gaddafi is killed as his regime collapses,War & Military Conflict
5/25/2012,SpaceX's Dragon becomes the first private craft to dock with the ISS,Space & Astronomy
7/4/2012,Scientists at CERN announce the discovery of the Higgs boson,Space & Astronomy
7/20/2012,"A gunman opens fire in a movie theater in Aurora, Colorado",Crime & Assassination
7/27/2012,The London Olympics open with a ceremony celebrating British culture,Sports
8/6/2012,The Curiosity rover lands successfully on Mars,Space & Astronomy
12/14/2012,A gunman kills 20 children and 6 adults at Sandy Hook Elementary,Crime & Assassination
3/13/2013,Cardinal Jorge Bergoglio is elected Pope Francis,Religion
4/15/2013,Bombs explode near the finish line of the Boston Marathon,War & Military Conflict
3/9/2014,Malaysia Airlines Flight 370 disappears over the Indian Ocean,Disaster & Tragedy
6/29/2014,The Islamic State group declares a caliphate in Iraq and Syria,War & Military Conflict
10/19/2014,Comet Siding Spring makes a close pass by Mars,Space & Astronomy
11/12/2014,The Philae lander touches down on a comet,Space & Astronomy
4/25/2015,"A major earthquake strikes Nepal, killing thousands",Disaster & Tragedy
6/26/2015,The U.S. Supreme Court legalizes same-sex marriage nationwide,Civil Rights & Social Movement
7/14/2015,NASA's New Horizons probe makes its closest approach to Pluto,Space & Astronomy
9/28/2015,NASA announces evidence of liquid water on Mars,Space & Astronomy
11/13/2015,Coordinated attacks in Paris kill 130 people,War & Military Conflict
12/12/2015,Nearly 200 nations adopt the Paris Agreement on climate change,Politics & Government
2/11/2016,Scientists announce the first detection of gravitational waves,Space & Astronomy
3/22/2016,Bombers strike the Brussels airport and metro,Crime & Assassination
6/23/2016,British voters choose to leave the European Union in the Brexit referendum,Politics & Government
8/5/2016,"The Rio de Janeiro Olympics open, the first held in South America",Sports
11/8/2016,Donald Trump is elected President of the United States,Politics & Government
5/22/2017,"A suicide bomber attacks an arena in Manchester, England",War & Military Conflict
10/15/2017,The #MeToo movement spreads rapidly on social media after allegations against Harvey Weinstein,Civil Rights & Social Movement
10/19/2017,"Astronomers detect Oumuamua, the first known interstellar object",Space & Astronomy
2/6/2018,SpaceX launches the Falcon Heavy rocket on its debut flight,Space & Astronomy
1/9/2020,"The World Health Organization reports a novel coronavirus cluster in Wuhan, China",Disaster & Tragedy
1/31/2020,The United Kingdom formally exits the European Union,Politics & Government
3/11/2020,The World Health Organization declares COVID-19 a global pandemic,Disaster & Tragedy
3/23/2020,Britain enters a nationwide lockdown amid the coronavirus pandemic,Disaster & Tragedy
5/25/2020,The killing of George Floyd in Minneapolis sparks nationwide protests against police brutality,Civil Rights & Social Movement
5/30/2020,SpaceX launches astronauts to the ISS on a commercial crewed flight,Space & Astronomy
12/8/2020,The United Kingdom administers the first approved COVID-19 vaccine dose,Science & Technology
1/6/2021,A mob of rioters storms the U.S. Capitol to disrupt certification of the presidential election,Crime & Assassination
7/23/2021,The Tokyo Olympics open a year late due to the COVID-19 pandemic,Sports
8/15/2021,The Taliban retake control of Kabul as U.S. forces withdraw from Afghanistan,War & Military Conflict
12/25/2021,The James Webb Space Telescope launches on a European rocket,Space & Astronomy
2/24/2022,Russia launches a full-scale invasion of Ukraine,War & Military Conflict
9/8/2022,Queen Elizabeth II dies after 70 years on the British throne,Politics & Government
11/30/2022,"OpenAI releases ChatGPT, spurring a wave of generative AI adoption",Science & Technology
2/6/2023,A powerful earthquake devastates southern Turkey and northern Syria,Disaster & Tragedy
5/6/2023,Charles III is crowned King of the United Kingdom,Politics & Government
8/8/2023,"Wildfires devastate the town of Lahaina on Maui, Hawaii",Disaster & Tragedy
10/7/2023,"Hamas launches a surprise attack on Israel, triggering war in Gaza",War & Military Conflict
7/26/2024,The Paris Olympics open with a ceremony staged along the Seine,Sports
11/5/2024,"Donald Trump is elected to a second, non-consecutive term as U.S. President",Politics & Government
12/8/2024,"Rebel forces oust Syrian President Bashar al-Assad, ending his family's decades-long rule",Politics & Government
4/21/2025,Pope Francis dies at age 88,Religion
5/8/2025,"Cardinal Robert Prevost is elected Pope Leo XIV, the first American pope",Religion
